Rank	TaxID	Taxon name	Sequence	PTM	Mass	Marker	Gene	Hel	Length	SeqID	Begin	End	Status	Digestion	Comment
species	3702	Arabidopsis thaliana 	APHGSRTDWVMHEYR	0H	1841.85001156157	m457	NAC028		15		118	132	Genetics	Yes	in silico digestion - mature
species	3702	Arabidopsis thaliana 	CEPWDLPGKSLLPSK	0H	1669.86180503189	m449	NAC028		15		46	60	Genetics	Yes	in silico digestion - mature
species	3702	Arabidopsis thaliana 	DLEWFFFSPRDR	0H	1614.76995325238	m455	NAC028		12		61	72	Genetics	Yes	in silico digestion - mature
species	3702	Arabidopsis thaliana 	ELEKSFVEEHSTVIPIEDIWR	0H	2556.29804523335	m480	NAC028		21		377	397	Genetics	Yes	in silico digestion - mature
species	3702	Arabidopsis thaliana 	FAHVIGFIPMLLLMR	0H	1757.99573683725	m499	NAC028		15		532	546	Genetics	Yes	in silico digestion - mature
species	3702	Arabidopsis thaliana 	FAHVIGFIPMLLLMRCVHR	0H	2253.233358417	m497	NAC028		19		532	550	Genetics	Yes	in silico digestion - mature
species	3702	Arabidopsis thaliana 	FHPTDEELVIYYLK	0H	1766.89996436242	m443	NAC028		14		12	25	Genetics	Yes	in silico digestion - mature
species	3702	Arabidopsis thaliana 	FHPTDEELVIYYLKR	0H	1923.0010753860201	m437	NAC028		15		12	26	Genetics	Yes	in silico digestion - mature
species	3702	Arabidopsis thaliana 	GDCNNRGTILMMENAVVR	0H	1992.9412117180798	m503	NAC028		18		569	586	Genetics	Yes	in silico digestion - mature
species	3702	Arabidopsis thaliana 	GTILMMENAVVR	0H	1333.69665428309	m505	NAC028		12		575	586	Genetics	Yes	in silico digestion - mature
species	3702	Arabidopsis thaliana 	GTILMMENAVVRR	0H	1489.79776530669	m501	NAC028		13		575	587	Genetics	Yes	in silico digestion - mature
species	3702	Arabidopsis thaliana 	IIALAQASHEPR	0H	1305.7273601644101	m471	NAC028		12		303	314	Genetics	Yes	in silico digestion - mature
species	3702	Arabidopsis thaliana 	INGRTIELEIIPEIDLYK	0H	2129.1852473272397	m447	NAC028		18		28	45	Genetics	Yes	in silico digestion - mature
species	3702	Arabidopsis thaliana 	INGVSSTVLGQWR	0H	1416.75938856868	m493	NAC028		13		518	530	Genetics	Yes	in silico digestion - mature
species	3702	Arabidopsis thaliana 	INGVSSTVLGQWRK	0H	1544.85435158268	m488	NAC028		14		518	531	Genetics	Yes	in silico digestion - mature
species	3702	Arabidopsis thaliana 	INPRINGVSSTVLGQWR	0H	1897.0402548594	m491	NAC028		17		514	530	Genetics	Yes	in silico digestion - mature
species	3702	Arabidopsis thaliana 	KFAHVIGFIPMLLLMR	0H	1886.0906998512503	m495	NAC028		16		531	546	Genetics	Yes	in silico digestion - mature
species	3702	Arabidopsis thaliana 	KLGLSLAIILAVSTISLI	0H	1825.17724884284	m507	NAC028		18		614	631	Genetics	Yes	in silico digestion - mature
species	3702	Arabidopsis thaliana 	KVEVSHGLFVTTR	0H	1472.82198882524	m487	NAC028		13		458	470	Genetics	Yes	in silico digestion - mature
species	3702	Arabidopsis thaliana 	LEEQECDSKSGIQDAYALCR	0H	2258.00637364209	m451	NAC028		20		133	152	Genetics	Yes	in silico digestion - mature
species	3702	Arabidopsis thaliana 	LGLSLAIILAVSTISLI	0H	1697.08228582884	m513	NAC028		17		615	631	Genetics	Yes	in silico digestion - mature
species	3702	Arabidopsis thaliana 	LVENLRWVGVSSK	0H	1486.83763888938	m478	NAC028		13		364	376	Genetics	Yes	in silico digestion - mature
species	3702	Arabidopsis thaliana 	MAPVSMPPGFRFHPTDEELVIYYLK	0H	2937.4677704940796	m441	NAC028		25		1	25	Genetics	Yes	in silico digestion - mature
species	3702	Arabidopsis thaliana 	MAPVSMPPGFRFHPTDEELVIYYLK	1H	2953.46268549408	m441	NAC028		25		1	25	Genetics	Yes	in silico digestion - mature
species	3702	Arabidopsis thaliana 	MLPPVPPLYVEGLTHNEYFGNNVANDTDEMLSK	0H	3704.7611115129494	m470	NAC028		33		270	302	Genetics	Yes	in silico digestion - mature
species	3702	Arabidopsis thaliana 	MLPPVPPLYVEGLTHNEYFGNNVANDTDEMLSK	1H	3720.7560265129496	m470	NAC028		33		270	302	Genetics	Yes	in silico digestion - mature
species	3702	Arabidopsis thaliana 	NDHETTSSSCFEVVK	0H	1682.7326413371397	m484	NAC028		15		443	457	Genetics	Yes	in silico digestion - mature
species	3702	Arabidopsis thaliana 	NDHETTSSSCFEVVKK	0H	1810.8276043511398	m476	NAC028		16		443	458	Genetics	Yes	in silico digestion - mature
species	3702	Arabidopsis thaliana 	NMVDEQGFRFQDSFVLK	0H	2059.99058735531	m509	NAC028		17		597	613	Genetics	Yes	in silico digestion - mature
species	3702	Arabidopsis thaliana 	NSLDSWDGGSASGNFHGDFNYSGEK	0H	2648.09202820023	m468	NAC028		25		315	339	Genetics	Yes	in silico digestion - mature
species	3702	Arabidopsis thaliana 	SALANKIEEQHHGTK	0H	1662.8558081346598	m464	NAC028		15		157	171	Genetics	Yes	in silico digestion - mature
species	3702	Arabidopsis thaliana 	SFVEEHSTVIPIEDIWR	0H	2057.0338320662795	m482	NAC028		17		381	397	Genetics	Yes	in silico digestion - mature
species	3702	Arabidopsis thaliana 	SGIQDAYALCRVFK	0H	1570.80462450894	m461	NAC028		14		142	155	Genetics	Yes	in silico digestion - mature
species	3702	Arabidopsis thaliana 	SLLPSKDLEWFFFSPR	0H	1969.0218108305999	m453	NAC028		16		55	70	Genetics	Yes	in silico digestion - mature
species	3702	Arabidopsis thaliana 	TDWVMHEYRLEEQECDSK	0H	2297.9801588942496	m459	NAC028		18		124	141	Genetics	Yes	in silico digestion - mature
species	3702	Arabidopsis thaliana 	TIELEIIPEIDLYK	0H	1688.9356811648001	m444	NAC028		14		32	45	Genetics	Yes	in silico digestion - mature
species	3702	Arabidopsis thaliana 	TIELEIIPEIDLYKCEPWDLPGK	0H	2714.39973342057	m445	NAC028		23		32	54	Genetics	Yes	in silico digestion - mature
species	3702	Arabidopsis thaliana 	VDIALECARLQNR	0H	1500.7951224544	m466	NAC028		13		257	269	Genetics	Yes	in silico digestion - mature
species	3702	Arabidopsis thaliana 	VEVSHGLFVTTR	0H	1344.72702581124	m489	NAC028		12		459	470	Genetics	Yes	in silico digestion - mature
species	3702	Arabidopsis thaliana 	VSCLEANVEAVDMQEHHVNFK	0H	2399.11184177014	m473	NAC028		21		340	360	Genetics	Yes	in silico digestion - mature
species	3702	Arabidopsis thaliana 	VSCLEANVEAVDMQEHHVNFKEER	0H	2813.2981389696797	m475	NAC028		24		340	363	Genetics	Yes	in silico digestion - mature
species	3702	Arabidopsis thaliana 	WSQFMSHDTSFNFPPQSQYGTISYPPSK	0H	3264.47312612619	m463	NAC028		28		229	256	Genetics	Yes	in silico digestion - mature
species	3702	Arabidopsis thaliana 	WSQFMSHDTSFNFPPQSQYGTISYPPSK	1H	3280.46804112619	m463	NAC028		28		229	256	Genetics	Yes	in silico digestion - mature
species	3847	Glycine max 	ALVQVVNCNGER	0H	1301.66304565569	m423	GY3		12		375	386	Genetics	Yes	in silico digestion - mature
species	3847	Glycine max 	ALVQVVNCNGER	0H	1301.66304565569	m423	GY2		12		379	390	Genetics	Yes	in silico digestion - mature
species	3847	Glycine max 	EAFGVNMQIVRNLQGENEEEDSGAIVTVK	0H	3176.5528329988697	m406	GY2		29		228	256	Genetics	Yes	in silico digestion - mature
species	3847	Glycine max 	EQAQQNECQIQK	0H	1446.6641678545002	m385	GY2		12		21	32	Genetics	Yes	in silico digestion - mature
species	3847	Glycine max 	EQAQQNECQIQKLNALKPDNR	0H	2468.23104538603	m383	GY2		21		21	41	Genetics	Yes	in silico digestion - mature
species	3847	Glycine max 	EQPQQNECQIQR	0H	1500.68596592824	m442	GY3		12		24	35	Genetics	Yes	in silico digestion - mature
species	3847	Glycine max 	EQPQQNECQIQRLNALKPDNR	0H	2522.25284345977	m440	GY3		21		24	44	Genetics	Yes	in silico digestion - mature
species	3847	Glycine max 	FYLAGNQEQEFLK	0H	1586.78493461018	m393	GY2		13		179	191	Genetics	Yes	in silico digestion - mature
species	3847	Glycine max 	FYLAGNQEQEFLKYQQQQQGGSQSQK	0H	3062.46025294337	m395	GY2		26		179	204	Genetics	Yes	in silico digestion - mature
species	3847	Glycine max 	FYLAGNQEQEFLQYQPQK	0H	2231.07675950742	m452	GY3		18		179	196	Genetics	Yes	in silico digestion - mature
species	3847	Glycine max 	FYLAGNQEQEFLQYQPQKQQGGTQSQK	0H	3173.52866685636	m446	GY3		27		179	205	Genetics	Yes	in silico digestion - mature
species	3847	Glycine max 	GGLSVISPPTEEQQQRPEEEEKPDCDEK	0H	3154.44809314681	m462	GY3		28		259	286	Genetics	Yes	in silico digestion - mature
species	3847	Glycine max 	GGLSVISPPTEEQQQRPEEEEKPDCDEK	1H	3170.4430081468104	m462	GY3		28		259	286	Genetics	Yes	in silico digestion - mature
species	3847	Glycine max 	GGLSVISPPTEEQQQRPEEEEKPDCDEKDK	0H	3397.5699991846395	m465	GY3		30		259	288	Genetics	Yes	in silico digestion - mature
species	3847	Glycine max 	GGLSVISPPTEEQQQRPEEEEKPDCDEKDK	1H	3413.5649141846397	m465	GY3		30		259	288	Genetics	Yes	in silico digestion - mature
species	3847	Glycine max 	GKQQEEENEGSNILSGFAPEFLK	0H	2551.2310878723397	m402	GY2		23		205	227	Genetics	Yes	in silico digestion - mature
species	3847	Glycine max 	GQSSRPQDRHQK	0H	1423.71489798775	m448	GY3		12		118	129	Genetics	Yes	in silico digestion - mature
species	3847	Glycine max 	HCQSQSRNGIDETICTMR	0H	2078.91645352222	m467	GY3		18		289	306	Genetics	Yes	in silico digestion - mature
species	3847	Glycine max 	IESEGGFIETWNPNNKPFQCAGVALSR	0H	2964.43086739139	m387	GY2		27		42	68	Genetics	Yes	in silico digestion - mature
species	3847	Glycine max 	IESEGGFIETWNPNNKPFQCAGVALSR	0H	2964.43086739139	m387	GY3		27		45	71	Genetics	Yes	in silico digestion - mature
species	3847	Glycine max 	IESEGGFIETWNPNNKPFQCAGVALSRCTLNR	0H	3551.7158330863795	m389	GY2		32		42	73	Genetics	Yes	in silico digestion - mature
species	3847	Glycine max 	IESEGGFIETWNPNNKPFQCAGVALSRCTLNR	0H	3551.7158330863795	m389	GY3		32		45	76	Genetics	Yes	in silico digestion - mature
species	3847	Glycine max 	KNAMFVPHYNLNANSIIYALNGR	0H	2620.3452872926296	m472	GY3		23		352	374	Genetics	Yes	in silico digestion - mature
species	3847	Glycine max 	KNAMFVPHYTLNANSIIYALNGR	0H	2607.3500383199002	m425	GY2		23		356	378	Genetics	Yes	in silico digestion - mature
species	3847	Glycine max 	KPQQEEDDDDEEEQPQCVETDK	0H	2634.0631557103698	m416	GY2		22		268	289	Genetics	Yes	in silico digestion - mature
species	3847	Glycine max 	KPQQEEDDDDEEEQPQCVETDKGCQR	0H	3078.2534927445295	m412	GY2		26		268	293	Genetics	Yes	in silico digestion - mature
species	3847	Glycine max 	LQGENEEEEKGAIVTVK	0H	1872.95491303924	m460	GY3		17		242	258	Genetics	Yes	in silico digestion - mature
species	3847	Glycine max 	LVLSLCFLLFSGCCFAFSFR	0H	2273.1319726098795	m438	GY3		20		4	23	Genetics	Yes	in silico digestion - mature
species	3847	Glycine max 	LVLSLCFLLFSGCCFAFSFREQPQQNECQIQR	0H	3754.80009738765	m439	GY3		32		4	35	Genetics	Yes	in silico digestion - mature
species	3847	Glycine max 	LVLSLCFLLFSGCFALR	0H	1902.0379955720502	m379	GY2		17		4	20	Genetics	Yes	in silico digestion - mature
species	3847	Glycine max 	LVLSLCFLLFSGCFALREQAQQNECQIQK	0H	3329.6843222760795	m381	GY2		29		4	32	Genetics	Yes	in silico digestion - mature
species	3847	Glycine max 	MAKLVLSLCFLLFSGCCFAFSFR	0H	2603.30453432158	m436	GY3		23		1	23	Genetics	Yes	in silico digestion - mature
species	3847	Glycine max 	MAKLVLSLCFLLFSGCFALR	0H	2232.21055728375	m377	GY2		20		1	20	Genetics	Yes	in silico digestion - mature
species	3847	Glycine max 	NAMFVPHYNLNANSIIYALNGR	0H	2492.25032427863	m469	GY3		22		353	374	Genetics	Yes	in silico digestion - mature
species	3847	Glycine max 	NAMFVPHYTLNANSIIYALNGR	0H	2479.2550753059	m421	GY2		22		357	378	Genetics	Yes	in silico digestion - mature
species	3847	Glycine max 	NGIDETICTMRLR	0H	1521.75120903709	m418	GY3		13		296	308	Genetics	Yes	in silico digestion - mature
species	3847	Glycine max 	NGIDETICTMRLR	0H	1521.75120903709	m418	GY2		13		300	312	Genetics	Yes	in silico digestion - mature
species	3847	Glycine max 	NLQGENEEEDSGAIVTVK	0H	1931.9192558065101	m410	GY2		18		239	256	Genetics	Yes	in silico digestion - mature
species	3847	Glycine max 	NLQGENEEEDSGAIVTVKGGLR	0H	2315.14735824838	m408	GY2		22		239	260	Genetics	Yes	in silico digestion - mature
species	3847	Glycine max 	NNNPFSFLVPPK	0H	1373.72121215481	m481	GY3		12		462	473	Genetics	Yes	in silico digestion - mature
species	3847	Glycine max 	NNNPFSFLVPPKESQR	0H	1873.95552217593	m483	GY3		16		462	477	Genetics	Yes	in silico digestion - mature
species	3847	Glycine max 	NNNPFSFLVPPQESQR	0H	1873.91913666721	m435	GY2		16		466	481	Genetics	Yes	in silico digestion - mature
species	3847	Glycine max 	NNNPFSFLVPPQESQRR	0H	2030.02024769081	m434	GY2		17		466	482	Genetics	Yes	in silico digestion - mature
species	3847	Glycine max 	QQEEENEGGSILSGFAPEFLEHAFVVDR	0H	3134.47014892073	m454	GY3		28		209	236	Genetics	Yes	in silico digestion - mature
species	3847	Glycine max 	QQEEENEGGSILSGFAPEFLEHAFVVDRQIVR	0H	3630.78231533973	m456	GY3		32		209	240	Genetics	Yes	in silico digestion - mature
species	3847	Glycine max 	QQEEENEGSNILSGFAPEFLK	0H	2366.11466113777	m401	GY2		21		207	227	Genetics	Yes	in silico digestion - mature
species	3847	Glycine max 	QQEEENEGSNILSGFAPEFLKEAFGVNMQIVR	0H	3610.74823833013	m404	GY2		32		207	238	Genetics	Yes	in silico digestion - mature
species	3847	Glycine max 	QVKNNNPFSFLVPPK	0H	1728.9431665870798	m485	GY3		15		459	473	Genetics	Yes	in silico digestion - mature
species	3847	Glycine max 	QVKNNNPFSFLVPPQESQR	0H	2229.1410910994796	m433	GY2		19		463	481	Genetics	Yes	in silico digestion - mature
species	3847	Glycine max 	RFYLAGNQEQEFLK	0H	1742.88604563378	m391	GY2		14		178	191	Genetics	Yes	in silico digestion - mature
species	3847	Glycine max 	RFYLAGNQEQEFLQYQPQK	0H	2387.17787053102	m450	GY3		19		178	196	Genetics	Yes	in silico digestion - mature
species	3847	Glycine max 	RQQEEENEGGSILSGFAPEFLEHAFVVDR	0H	3290.5712599443295	m458	GY3		29		208	236	Genetics	Yes	in silico digestion - mature
species	3847	Glycine max 	SQSDNFEYVSFK	0H	1450.6485007070198	m429	GY3		12		410	421	Genetics	Yes	in silico digestion - mature
species	3847	Glycine max 	SQSDNFEYVSFK	0H	1450.6485007070198	m429	GY2		12		414	425	Genetics	Yes	in silico digestion - mature
species	3847	Glycine max 	SRNGIDETICTMR	0H	1495.69917346423	m419	GY2		13		298	310	Genetics	Yes	in silico digestion - mature
species	3847	Glycine max 	TNDRPSIGNLAGANSLLNALPEEVIQHTFNLK	0H	3446.80265686149	m431	GY2		32		426	457	Genetics	Yes	in silico digestion - mature
species	3847	Glycine max 	TNDRPSIGNLAGANSLLNALPEEVIQQTFNLR	0H	3465.8084705179194	m477	GY3		32		422	453	Genetics	Yes	in silico digestion - mature
species	3847	Glycine max 	TNDRPSIGNLAGANSLLNALPEEVIQQTFNLRR	0H	3621.9095815415194	m479	GY3		33		422	454	Genetics	Yes	in silico digestion - mature
species	3847	Glycine max 	VFDGELQEGGVLIVPQNFAVAAK	0H	2401.2761875899596	m427	GY2		23		391	413	Genetics	Yes	in silico digestion - mature
species	3847	Glycine max 	VFDGELQEGQVLIVPQNFAVAAR	0H	2500.31944938427	m474	GY3		23		387	409	Genetics	Yes	in silico digestion - mature
species	3847	Glycine max 	VTAPAMRKPQQEEDDDDEEEQPQCVETDK	0H	3360.447835446629	m414	GY2		29		261	289	Genetics	Yes	in silico digestion - mature
species	3847	Glycine max 	YQQQQQGGSQSQK	0H	1494.69315948366	m399	GY2		13		192	204	Genetics	Yes	in silico digestion - mature
species	3847	Glycine max 	YQQQQQGGSQSQKGK	0H	1679.80958621823	m397	GY2		15		192	206	Genetics	Yes	in silico digestion - mature
species	4232	Helianthus annuus 	ANEQGSRWVSFK	0H	1408.69678831212	m618	HAG3		12		419	430	Genetics	Yes	in silico digestion - mature
species	4232	Helianthus annuus 	AQILPNVCNLQSR	0H	1455.77365873383	m143	HAG5		13		134	146	Genetics	Yes	in silico digestion - mature
species	4232	Helianthus annuus 	AQILPNVCNLQSRR	0H	1611.87476975743	m148	HAG5		14		134	147	Genetics	Yes	in silico digestion - mature
species	4232	Helianthus annuus 	ATLLLAFTLLFATCIAR	0H	1838.06083919161	m549	HAG3		17		5	21	Genetics	Yes	in silico digestion - mature
species	4232	Helianthus annuus 	ATLLLAFTLLFATCIARHQQR	0H	2387.3380170842197	m552	HAG3		21		5	25	Genetics	Yes	in silico digestion - mature
species	4232	Helianthus annuus 	CEIGTITTTVTESNIDIPFR	0H	2210.1009256499296	m154	HAG5		20		148	167	Genetics	Yes	in silico digestion - mature
species	4232	Helianthus annuus 	CEIGTITTTVTESNIDIPFRDRPFGTGSQQCR	0H	3542.70024259189	m152	HAG5		32		148	179	Genetics	Yes	in silico digestion - mature
species	4232	Helianthus annuus 	DRPFGTGSQQCR	0H	1351.61715809243	m157	HAG5		12		168	179	Genetics	Yes	in silico digestion - mature
species	4232	Helianthus annuus 	DRPFGTGSQQCRETEIQRPVGECQR	0H	2877.3478831267594	m156	HAG5		25		168	192	Genetics	Yes	in silico digestion - mature
species	4232	Helianthus annuus 	EAQQQVQQQQGR	0H	1427.69857921727	m137	HAG5		12		105	116	Genetics	Yes	in silico digestion - mature
species	4232	Helianthus annuus 	EAQQQVQQQQGRQLVPFR	0H	2168.13192339811	m141	HAG5		18		105	122	Genetics	Yes	in silico digestion - mature
species	4232	Helianthus annuus 	ECHCEAIQEVAR	0H	1387.6092958306701	m177	HAG5		12		236	247	Genetics	Yes	in silico digestion - mature
species	4232	Helianthus annuus 	ECHCEAIQEVARR	0H	1543.71040685427	m175	HAG5		13		236	248	Genetics	Yes	in silico digestion - mature
species	4232	Helianthus annuus 	EGQVVVIPQNFAVIK	0H	1640.9370185774799	m615	HAG3		15		403	417	Genetics	Yes	in silico digestion - mature
species	4232	Helianthus annuus 	EGQVVVIPQNFAVIKR	0H	1797.0381296010798	m612	HAG3		16		403	418	Genetics	Yes	in silico digestion - mature
species	4232	Helianthus annuus 	ETEIQRPVGECQR	0H	1544.7485661848	m161	HAG5		13		180	192	Genetics	Yes	in silico digestion - mature
species	4232	Helianthus annuus 	ETEIQRPVGECQRFVEQQMQQSPR	0H	2903.388685309579	m159	HAG5		24		180	203	Genetics	Yes	in silico digestion - mature
species	4232	Helianthus annuus 	ETVLFAPSFSRGQGIR	0H	1764.9391438358	m640	HAG3		16		475	490	Genetics	Yes	in silico digestion - mature
species	4232	Helianthus annuus 	FFLAGNPQAQAQSQQQQQR	1H	2191.06390378838	m561	HAG3		19		184	202	Genetics	Yes	in silico digestion - mature
species	4232	Helianthus annuus 	FFLAGNPQAQAQSQQQQQRQPR	1H	2572.27635616611	m569	HAG3		22		184	205	Genetics	Yes	in silico digestion - mature
species	4232	Helianthus annuus 	FKVNIDNPSQADFVNPQAGSIANLNSFK	0H	3035.52212492394	m599	HAG3		28		316	343	Genetics	Yes	in silico digestion - mature
species	4232	Helianthus annuus 	FPILEHLRLSVER	0H	1608.92203721968	m604	HAG3		13		344	356	Genetics	Yes	in silico digestion - mature
species	4232	Helianthus annuus 	FSQRETVLFAPSFSR	0H	1771.91259473479	m634	HAG3		15		471	485	Genetics	Yes	in silico digestion - mature
species	4232	Helianthus annuus 	FVEQQMQQSPRSTRPYQQRPGQQQQQQR	0H	3472.69994021179	m163	HAG5		28		193	220	Genetics	Yes	in silico digestion - mature
species	4232	Helianthus annuus 	GELRPNAIQSPHWTINAHNLLYVTEGALR	0H	3270.71305401145	m607	HAG3		29		357	385	Genetics	Yes	in silico digestion - mature
species	4232	Helianthus annuus 	GGGEGTFRTVIR	0H	1249.66475990785	m564	HAG3		12		123	134	Genetics	Yes	in silico digestion - mature
species	4232	Helianthus annuus 	GGWSNGVEETICSMK	0H	1597.69850475789	m593	HAG3		15		301	315	Genetics	Yes	in silico digestion - mature
species	4232	Helianthus annuus 	GGWSNGVEETICSMKFK	0H	1872.86188168488	m585	HAG3		17		301	317	Genetics	Yes	in silico digestion - mature
species	4232	Helianthus annuus 	GHIVNVGQDLQIVRPPQDR	0H	2141.15740986996	m580	HAG3		19		258	276	Genetics	Yes	in silico digestion - mature
species	4232	Helianthus annuus 	GHIVNVGQDLQIVRPPQDRR	0H	2297.2585208935598	m578	HAG3		20		258	277	Genetics	Yes	in silico digestion - mature
species	4232	Helianthus annuus 	GLQQQCCNELQNVK	0H	1604.7519373130801	m171	HAG5		14		221	234	Genetics	Yes	in silico digestion - mature
species	4232	Helianthus annuus 	GLQQQCCNELQNVKR	0H	1760.85304833668	m169	HAG5		15		221	235	Genetics	Yes	in silico digestion - mature
species	4232	Helianthus annuus 	GQFGGQEMETAR	0H	1310.57937560138	m185	HAG5		12		262	273	Genetics	Yes	in silico digestion - mature
species	4232	Helianthus annuus 	GQFGGQEMETARR	0H	1466.68048662498	m179	HAG5		13		262	274	Genetics	Yes	in silico digestion - mature
species	4232	Helianthus annuus 	LNQCRMFLQQGQNIPR	0H	1945.98473121257	m133	HAG5		16		50	65	Genetics	Yes	in silico digestion - mature
species	4232	Helianthus annuus 	LQGQNDQRGHIVNVGQDLQIVRPPQDR	0H	3080.6096515720697	m572	HAG3		27		250	276	Genetics	Yes	in silico digestion - mature
species	4232	Helianthus annuus 	MASKATLLLAFTLLFATCIAR	0H	2255.26542930758	m546	HAG3		21		1	21	Genetics	Yes	in silico digestion - mature
species	4232	Helianthus annuus 	MFLQQGQNIPREFDNPQMGR	0H	2406.1441449579297	m131	HAG5		20		55	74	Genetics	Yes	in silico digestion - mature
species	4232	Helianthus annuus 	QGQGQNAGNIFNGFTPELIAQSFNVDQETAQK	0H	3451.65130117018	m575	HAG3		32		218	249	Genetics	Yes	in silico digestion - mature
species	4232	Helianthus annuus 	QKAQILPNVCNLQSR	0H	1711.9271992531098	m146	HAG5		15		132	146	Genetics	Yes	in silico digestion - mature
species	4232	Helianthus annuus 	QLVPFRGSQQTQQLK	0H	1757.96569293681	m144	HAG5		15		117	131	Genetics	Yes	in silico digestion - mature
species	4232	Helianthus annuus 	QQEQQLQQCCQELQNIEGQCQCEAVK	0H	3036.32780149879	m129	HAG5		26		75	100	Genetics	Yes	in silico digestion - mature
species	4232	Helianthus annuus 	QQEQQLQQCCQELQNIEGQCQCEAVKQVFR	0H	3566.6243178536497	m135	HAG5		30		75	104	Genetics	Yes	in silico digestion - mature
species	4232	Helianthus annuus 	QQQEQATSPRQQQEQQQGR	0H	2283.0820726532197	m583	HAG3		19		281	299	Genetics	Yes	in silico digestion - mature
species	4232	Helianthus annuus 	QVFREAQQQVQQQQGR	0H	1957.9950955721301	m139	HAG5		16		101	116	Genetics	Yes	in silico digestion - mature
species	4232	Helianthus annuus 	RCEIGTITTTVTESNIDIPFR	0H	2366.2020366735296	m150	HAG5		21		147	167	Genetics	Yes	in silico digestion - mature
species	4232	Helianthus annuus 	RECHCEAIQEVAR	0H	1543.7104068542699	m173	HAG5		13		235	247	Genetics	Yes	in silico digestion - mature
species	4232	Helianthus annuus 	RFFLAGNPQAQAQSQQQQQR	1H	2347.1650148119797	m566	HAG3		20		183	202	Genetics	Yes	in silico digestion - mature
species	4232	Helianthus annuus 	RGGWSNGVEETICSMK	0H	1753.79961578149	m590	HAG3		16		300	315	Genetics	Yes	in silico digestion - mature
species	4232	Helianthus annuus 	RGQFGGQEMETAR	0H	1466.68048662498	m181	HAG5		13		261	273	Genetics	Yes	in silico digestion - mature
species	4232	Helianthus annuus 	RTYEYSQEQQFSGEGGR	0H	2021.89477239417	m559	HAG3		17		105	121	Genetics	Yes	in silico digestion - mature
species	4232	Helianthus annuus 	RVIQNLPNQCDLEVQQCTTCTG	0H	2463.1424902754197	m187	HAG5		22		274	295	Genetics	Yes	in silico digestion - mature
species	4232	Helianthus annuus 	SPRQQQEQATSPR	0H	1512.75134306612	m587	HAG3		13		278	290	Genetics	Yes	in silico digestion - mature
species	4232	Helianthus annuus 	STRPYQQRPGQQQQQQR	0H	2114.05982108701	m167	HAG5		17		204	220	Genetics	Yes	in silico digestion - mature
species	4232	Helianthus annuus 	STRPYQQRPGQQQQQQRGLQQQCCNELQNVK	0H	3699.793917249619	m165	HAG5		31		204	234	Genetics	Yes	in silico digestion - mature
species	4232	Helianthus annuus 	TNDNAMIANLAGR	0H	1360.6637739316802	m623	HAG3		13		431	443	Genetics	Yes	in silico digestion - mature
species	4232	Helianthus annuus 	TNDNAMIANLAGRVSASAASPLTLWANR	0H	2885.46864988244	m625	HAG3		28		431	458	Genetics	Yes	in silico digestion - mature
species	4232	Helianthus annuus 	TYEYSQEQQFSGEGGR	0H	1865.7936613705701	m555	HAG3		16		106	121	Genetics	Yes	in silico digestion - mature
species	4232	Helianthus annuus 	TYEYSQEQQFSGEGGRR	0H	2021.89477239417	m557	HAG3		17		106	122	Genetics	Yes	in silico digestion - mature
species	4232	Helianthus annuus 	VIQNLPNQCDLEVQQCTTCTG	0H	2307.0413792518198	m189	HAG5		21		275	295	Genetics	Yes	in silico digestion - mature
species	4232	Helianthus annuus 	VMRQPQQQQQQR	0H	1554.79176840946	m183	HAG5		12		249	260	Genetics	Yes	in silico digestion - mature
species	4232	Helianthus annuus 	VNIDNPSQADFVNPQAGSIANLNSFK	0H	2760.3587479969497	m596	HAG3		26		318	343	Genetics	Yes	in silico digestion - mature
species	4232	Helianthus annuus 	VQIVDNQGNSVFDNELR	0H	1946.95664437474	m609	HAG3		17		386	402	Genetics	Yes	in silico digestion - mature
species	4232	Helianthus annuus 	VQIVDNQGNSVFDNELREGQVVVIPQNFAVIK	0H	3568.87582180175	m602	HAG3		32		386	417	Genetics	Yes	in silico digestion - mature
species	4232	Helianthus annuus 	VSASAASPLTLWANR	0H	1543.82271710123	m631	HAG3		15		444	458	Genetics	Yes	in silico digestion - mature
species	4232	Helianthus annuus 	VSASAASPLTLWANRYQLSR	0H	2191.1618265440597	m628	HAG3		20		444	463	Genetics	Yes	in silico digestion - mature
species	4232	Helianthus annuus 	WVSFKTNDNAMIANLAGR	0H	2008.00690612579	m620	HAG3		18		426	443	Genetics	Yes	in silico digestion - mature
species	4232	Helianthus annuus 	YQLSREEAQQLK	0H	1492.77543255564	m637	HAG3		12		459	470	Genetics	Yes	in silico digestion - mature
species	4233	Helianthus tuberosus 	AAFRTSLNLLSNTIFSK	0H	1883.0385235238998	m228	CYP76B1		17		170	186	Genetics	Yes	in silico digestion - mature
species	4233	Helianthus tuberosus 	AALSNENVHIGR	0H	1280.6705735642802	m222	CYP76B1		12		158	169	Genetics	Yes	in silico digestion - mature
species	4233	Helianthus tuberosus 	AALSNENVHIGRAAFR	0H	1725.9143260702901	m224	CYP76B1		16		158	173	Genetics	Yes	in silico digestion - mature
species	4233	Helianthus tuberosus 	AKPLCVVPIPLN	0H	1263.7493414789499	m269	CYP76B1		12		479	490	Genetics	Yes	in silico digestion - mature
species	4233	Helianthus tuberosus 	ALFLDLFVAGTDTTSITIEWAMTELLR	0H	3027.5747376604195	m246	CYP76B1		27		285	311	Genetics	Yes	in silico digestion - mature
species	4233	Helianthus tuberosus 	AYNHERHSISFLHVCTEWR	0H	2385.1305434991195	m204	CYP76B1		19		103	121	Genetics	Yes	in silico digestion - mature
species	4233	Helianthus tuberosus 	CAIDHILEAKEK	0H	1369.71441252221	m30	CYP73A1		12		277	288	Genetics	Yes	in silico digestion - mature
species	4233	Helianthus tuberosus 	DLTDPYEDSGKEFR	0H	1671.74967130027	m232	CYP76B1		14		187	200	Genetics	Yes	in silico digestion - mature
species	4233	Helianthus tuberosus 	DPTVWDDSLEFKPQR	0H	1832.8813541761601	m259	CYP76B1		15		393	407	Genetics	Yes	in silico digestion - mature
species	4233	Helianthus tuberosus 	DPTVWDDSLEFKPQRFLESR	0H	2465.2095645821196	m261	CYP76B1		20		393	412	Genetics	Yes	in silico digestion - mature
species	4233	Helianthus tuberosus 	EDDVLRLPYLSCIVK	0H	1762.94078362858	m249	CYP76B1		15		335	349	Genetics	Yes	in silico digestion - mature
species	4233	Helianthus tuberosus 	EFREVITNIMVDSAK	0H	1751.8996470925897	m236	CYP76B1		15		198	212	Genetics	Yes	in silico digestion - mature
species	4233	Helianthus tuberosus 	EVITNIMVDSAK	0H	1319.68752906803	m234	CYP76B1		12		201	212	Genetics	Yes	in silico digestion - mature
species	4233	Helianthus tuberosus 	EVITNIMVDSAKTNLVDVFPVLK	0H	2545.39458847048	m238	CYP76B1		23		201	223	Genetics	Yes	in silico digestion - mature
species	4233	Helianthus tuberosus 	EVLHTQGVEFGSR	0H	1458.7335677436602	m658	CYP73A1		13		89	101	Genetics	Yes	in silico digestion - mature
species	4233	Helianthus tuberosus 	EVLHTQGVEFGSRTR	0H	1715.88235723567	m655	CYP73A1		15		89	103	Genetics	Yes	in silico digestion - mature
species	4233	Helianthus tuberosus 	EVLRLHPPSPLLLPR	0H	1737.0533857424	m255	CYP76B1		15		350	364	Genetics	Yes	in silico digestion - mature
species	4233	Helianthus tuberosus 	EVLRLHPPSPLLLPR	1H	1753.0483007424	m255	CYP76B1		15		350	364	Genetics	Yes	in silico digestion - mature
species	4233	Helianthus tuberosus 	FEQGDVLDVCLK	0H	1365.6718790038901	m245	CYP76B1		12		258	269	Genetics	Yes	in silico digestion - mature
species	4233	Helianthus tuberosus 	FEQGDVLDVCLKMMQDNPNEFNHTNIK	0H	3179.45946729134	m243	CYP76B1		27		258	284	Genetics	Yes	in silico digestion - mature
species	4233	Helianthus tuberosus 	FESEDDPLFLKLK	0H	1580.8206514125598	m18	CYP73A1		13		195	207	Genetics	Yes	in silico digestion - mature
species	4233	Helianthus tuberosus 	FGEILLLRMGQR	0H	1432.80931596656	m647	CYP73A1		12		65	76	Genetics	Yes	in silico digestion - mature
species	4233	Helianthus tuberosus 	FKLPPGPIPVPIFGNWLQVGDDLNHR	0H	2926.57264437517	m639	CYP73A1		26		31	56	Genetics	Yes	in silico digestion - mature
species	4233	Helianthus tuberosus 	FKLPPGPIPVPIFGNWLQVGDDLNHR	1H	2942.5675593751703	m639	CYP73A1		26		31	56	Genetics	Yes	in silico digestion - mature
species	4233	Helianthus tuberosus 	FLEEEAKVEANGNDFR	0H	1867.88208245215	m58	CYP73A1		16		421	436	Genetics	Yes	in silico digestion - mature
species	4233	Helianthus tuberosus 	GGQFSLHILKHSTIVAKPR	0H	2089.2029035103997	m73	CYP73A1		19		485	503	Genetics	Yes	in silico digestion - mature
species	4233	Helianthus tuberosus 	GHDFDLIPFGAGR	0H	1401.69097465569	m264	CYP76B1		13		417	429	Genetics	Yes	in silico digestion - mature
species	4233	Helianthus tuberosus 	GHDFDLIPFGAGRR	0H	1557.79208567929	m262	CYP76B1		14		417	430	Genetics	Yes	in silico digestion - mature
species	4233	Helianthus tuberosus 	GQDMVFTVYGEHWR	0H	1724.78495169352	m669	CYP73A1		14		114	127	Genetics	Yes	in silico digestion - mature
species	4233	Helianthus tuberosus 	GQDMVFTVYGEHWRK	0H	1852.8799147075201	m661	CYP73A1		15		114	128	Genetics	Yes	in silico digestion - mature
species	4233	Helianthus tuberosus 	HELDTKLGPGVQITEPDVQNLPYLQAVVK	0H	3201.71540499688	m40	CYP73A1		29		334	362	Genetics	Yes	in silico digestion - mature
species	4233	Helianthus tuberosus 	HFSKVLGIFDQLIEER	0H	1931.0385235239003	m241	CYP76B1		16		237	252	Genetics	Yes	in silico digestion - mature
species	4233	Helianthus tuberosus 	HSISFLHVCTEWR	0H	1614.7845577706998	m210	CYP76B1		13		109	121	Genetics	Yes	in silico digestion - mature
species	4233	Helianthus tuberosus 	HSISFLHVCTEWRTLR	0H	1985.0174112398397	m212	CYP76B1		16		109	124	Genetics	Yes	in silico digestion - mature
species	4233	Helianthus tuberosus 	ICPGIPLATRMVPIMLGSLLNNFDWK	1H	2915.5344109657	m266	CYP76B1		26		431	456	Genetics	Yes	in silico digestion - mature
species	4233	Helianthus tuberosus 	IDTDEKGGQFSLHILK	0H	1800.9490398131602	m71	CYP73A1		16		479	494	Genetics	Yes	in silico digestion - mature
species	4233	Helianthus tuberosus 	IDTKVPYDVLDMTEK	0H	1766.88807934938	m271	CYP76B1		15		457	471	Genetics	Yes	in silico digestion - mature
species	4233	Helianthus tuberosus 	IHGPIMSLQLGQITTLVISSATAAEEVLK	0H	3020.67003502759	m198	CYP76B1		29		58	86	Genetics	Yes	in silico digestion - mature
species	4233	Helianthus tuberosus 	IHGPIMSLQLGQITTLVISSATAAEEVLKK	0H	3148.76499804159	m202	CYP76B1		30		58	87	Genetics	Yes	in silico digestion - mature
species	4233	Helianthus tuberosus 	ILVNAWWLANNPDQWK	0H	1968.01264312923	m52	CYP73A1		16		396	411	Genetics	Yes	in silico digestion - mature
species	4233	Helianthus tuberosus 	ILVNAWWLANNPDQWKKPEEFRPER	0H	3136.6115490650295	m50	CYP73A1		25		396	420	Genetics	Yes	in silico digestion - mature
species	4233	Helianthus tuberosus 	IMTVPFFTNKVVQQYR	0H	1971.05206541306	m675	CYP73A1		16		132	147	Genetics	Yes	in silico digestion - mature
species	4233	Helianthus tuberosus 	IQLFKDYFVDER	0H	1572.80567005476	m32	CYP73A1		12		250	261	Genetics	Yes	in silico digestion - mature
species	4233	Helianthus tuberosus 	IVSSNIFSNSSLEAK	0H	1595.82752769815	m216	CYP76B1		15		126	140	Genetics	Yes	in silico digestion - mature
species	4233	Helianthus tuberosus 	IVSSNIFSNSSLEAKQHLR	0H	2130.1301920626097	m214	CYP76B1		19		126	144	Genetics	Yes	in silico digestion - mature
species	4233	Helianthus tuberosus 	KAALSNENVHIGR	0H	1408.76553657828	m220	CYP76B1		13		157	169	Genetics	Yes	in silico digestion - mature
species	4233	Helianthus tuberosus 	KNPAAATEGIVIR	0H	1339.76922497639	m3	CYP73A1		13		163	175	Genetics	Yes	in silico digestion - mature
species	4233	Helianthus tuberosus 	KPEEFRPERFLEEEAK	0H	2034.02908103901	m54	CYP73A1		16		412	427	Genetics	Yes	in silico digestion - mature
species	4233	Helianthus tuberosus 	KVVTQVELSGYTIPAGTLVFVNAWAIGR	0H	2989.65095426552	m253	CYP76B1		28		365	392	Genetics	Yes	in silico digestion - mature
species	4233	Helianthus tuberosus 	LAKIHGPIMSLQLGQITTLVISSATAAEEVLK	0H	3332.8861758034304	m200	CYP76B1		32		55	86	Genetics	Yes	in silico digestion - mature
species	4233	Helianthus tuberosus 	LAQSFEYNYGDFIPILRPFLR	0H	2559.3394565528592	m20	CYP73A1		21		216	236	Genetics	Yes	in silico digestion - mature
species	4233	Helianthus tuberosus 	LAQSFEYNYGDFIPILRPFLRNYLK	0H	3077.6247395176797	m28	CYP73A1		25		216	240	Genetics	Yes	in silico digestion - mature
species	4233	Helianthus tuberosus 	LDVRGHDFDLIPFGAGR	0H	1884.97150659324	m263	CYP76B1		17		413	429	Genetics	Yes	in silico digestion - mature
species	4233	Helianthus tuberosus 	LGGFDIPAESKILVNAWWLANNPDQWK	0H	3082.57851760125	m48	CYP73A1		27		385	411	Genetics	Yes	in silico digestion - mature
species	4233	Helianthus tuberosus 	LGPGVQITEPDVQNLPYLQAVVK	0H	2478.36025156709	m36	CYP73A1		23		340	362	Genetics	Yes	in silico digestion - mature
species	4233	Helianthus tuberosus 	LGPGVQITEPDVQNLPYLQAVVKETLR	0H	2977.6356981241997	m38	CYP73A1		27		340	366	Genetics	Yes	in silico digestion - mature
species	4233	Helianthus tuberosus 	LHPPSPLLLPRK	0H	1367.85216675471	m257	CYP76B1		12		354	365	Genetics	Yes	in silico digestion - mature
species	4233	Helianthus tuberosus 	LHPPSPLLLPRK	1H	1383.84708175471	m257	CYP76B1		12		354	365	Genetics	Yes	in silico digestion - mature
species	4233	Helianthus tuberosus 	LPIIGNLHLLGALPHQSLAK	0H	2105.2593557573596	m196	CYP76B1		20		35	54	Genetics	Yes	in silico digestion - mature
species	4233	Helianthus tuberosus 	LPIIGNLHLLGALPHQSLAKLAK	0H	2417.4754965332	m192	CYP76B1		23		35	57	Genetics	Yes	in silico digestion - mature
species	4233	Helianthus tuberosus 	LPPGPIPVPIFGNWLQVGDDLNHR	0H	2651.40926744818	m642	CYP73A1		24		33	56	Genetics	Yes	in silico digestion - mature
species	4233	Helianthus tuberosus 	LPPGPIPVPIFGNWLQVGDDLNHR	1H	2667.40418244818	m642	CYP73A1		24		33	56	Genetics	Yes	in silico digestion - mature
species	4233	Helianthus tuberosus 	LPPGPIPVPIFGNWLQVGDDLNHRNLTDLAK	0H	3406.82702113453	m636	CYP73A1		31		33	63	Genetics	Yes	in silico digestion - mature
species	4233	Helianthus tuberosus 	LPPGPIPVPIFGNWLQVGDDLNHRNLTDLAK	1H	3422.82193613453	m636	CYP73A1		31		33	63	Genetics	Yes	in silico digestion - mature
species	4233	Helianthus tuberosus 	LPYLSCIVKEVLR	0H	1532.88689758092	m251	CYP76B1		13		341	353	Genetics	Yes	in silico digestion - mature
species	4233	Helianthus tuberosus 	LQLMMYNNMFRIMFDR	0H	2123.00572655094	m12	CYP73A1		16		178	193	Genetics	Yes	in silico digestion - mature
species	4233	Helianthus tuberosus 	LRMAIPLLVPHMNLHDAK	0H	2069.1510682616795	m44	CYP73A1		18		367	384	Genetics	Yes	in silico digestion - mature
species	4233	Helianthus tuberosus 	LVQNFELLPPPGQSK	0H	1666.9162831329002	m68	CYP73A1		15		464	478	Genetics	Yes	in silico digestion - mature
species	4233	Helianthus tuberosus 	LVQNFELLPPPGQSKIDTDEK	0H	2368.23946772807	m66	CYP73A1		21		464	484	Genetics	Yes	in silico digestion - mature
species	4233	Helianthus tuberosus 	MAIPLLVPHMNLHDAK	0H	1799.96589326095	m46	CYP73A1		16		369	384	Genetics	Yes	in silico digestion - mature
species	4233	Helianthus tuberosus 	MAIPLLVPHMNLHDAKLGGFDIPAESK	0H	2914.53176773297	m42	CYP73A1		27		369	395	Genetics	Yes	in silico digestion - mature
species	4233	Helianthus tuberosus 	MDFLIIVSTLLLSYILIWVLGVGKPK	1H	2947.7344735879	m190	CYP76B1		26		1	26	Genetics	Yes	in silico digestion - mature
species	4233	Helianthus tuberosus 	MDLLLIEKTLVALFAAIIGAILISK	0H	2669.62894550976	m630	CYP73A1		25		1	25	Genetics	Yes	in silico digestion - mature
species	4233	Helianthus tuberosus 	MDNNQLKCAIDHILEAK	0H	1955.96774373575	m34	CYP73A1		17		270	286	Genetics	Yes	in silico digestion - mature
species	4233	Helianthus tuberosus 	MGQRNLVVVSSPELAK	0H	1727.94726599135	m645	CYP73A1		16		73	88	Genetics	Yes	in silico digestion - mature
species	4233	Helianthus tuberosus 	MMQDNPNEFNHTNIK	0H	1832.80542943792	m247	CYP76B1		15		270	284	Genetics	Yes	in silico digestion - mature
species	4233	Helianthus tuberosus 	MVPIMLGSLLNNFDWK	0H	1877.9652245546101	m267	CYP76B1		16		441	456	Genetics	Yes	in silico digestion - mature
species	4233	Helianthus tuberosus 	MVPIMLGSLLNNFDWKIDTK	0H	2335.21887303798	m265	CYP76B1		20		441	460	Genetics	Yes	in silico digestion - mature
species	4233	Helianthus tuberosus 	NGTTISKAKPLCVVPIPLN	0H	1965.1201449728796	m276	CYP76B1		19		472	490	Genetics	Yes	in silico digestion - mature
species	4233	Helianthus tuberosus 	NLPPGPTRLPIIGNLHLLGALPHQSLAK	0H	2937.7148919347596	m194	CYP76B1		28		27	54	Genetics	Yes	in silico digestion - mature
species	4233	Helianthus tuberosus 	NLPPGPTRLPIIGNLHLLGALPHQSLAK	1H	2953.70980693476	m194	CYP76B1		28		27	54	Genetics	Yes	in silico digestion - mature
species	4233	Helianthus tuberosus 	NLVVVSSPELAK	0H	1255.72562882891	m649	CYP73A1		12		77	88	Genetics	Yes	in silico digestion - mature
species	4233	Helianthus tuberosus 	NLVVVSSPELAKEVLHTQGVEFGSR	0H	2695.4413554220996	m652	CYP73A1		25		77	101	Genetics	Yes	in silico digestion - mature
species	4233	Helianthus tuberosus 	NPAAATEGIVIR	0H	1211.67426196239	m9	CYP73A1		12		164	175	Genetics	Yes	in silico digestion - mature
species	4233	Helianthus tuberosus 	NPAAATEGIVIRR	0H	1367.77537298599	m6	CYP73A1		13		164	176	Genetics	Yes	in silico digestion - mature
species	4233	Helianthus tuberosus 	NVPDAVRAYNHER	0H	1540.761513827	m208	CYP76B1		13		96	108	Genetics	Yes	in silico digestion - mature
species	4233	Helianthus tuberosus 	NVVFDIFTGKGQDMVFTVYGEHWR	0H	2845.37664699056	m667	CYP73A1		24		104	127	Genetics	Yes	in silico digestion - mature
species	4233	Helianthus tuberosus 	QDLAFSTRNVPDAVR	0H	1688.8714581988	m206	CYP76B1		15		88	102	Genetics	Yes	in silico digestion - mature
species	4233	Helianthus tuberosus 	RFESEDDPLFLK	0H	1495.7427354450301	m23	CYP73A1		12		194	205	Genetics	Yes	in silico digestion - mature
species	4233	Helianthus tuberosus 	RIVSSNIFSNSSLEAK	0H	1751.92863872175	m218	CYP76B1		16		125	140	Genetics	Yes	in silico digestion - mature
species	4233	Helianthus tuberosus 	RLQLMMYNNMFR	0H	1616.785820724	m15	CYP73A1		12		177	188	Genetics	Yes	in silico digestion - mature
species	4233	Helianthus tuberosus 	RSCPGIILALPILGITIGR	0H	1963.18849931622	m62	CYP73A1		19		445	463	Genetics	Yes	in silico digestion - mature
species	4233	Helianthus tuberosus 	SCPGIILALPILGITIGR	0H	1807.08738829262	m64	CYP73A1		18		446	463	Genetics	Yes	in silico digestion - mature
species	4233	Helianthus tuberosus 	SCPGIILALPILGITIGRLVQNFELLPPPGQSK	0H	3454.98583027505	m56	CYP73A1		33		446	478	Genetics	Yes	in silico digestion - mature
species	4233	Helianthus tuberosus 	SCPGIILALPILGITIGRLVQNFELLPPPGQSK	1H	3470.98074527505	m56	CYP73A1		33		446	478	Genetics	Yes	in silico digestion - mature
species	4233	Helianthus tuberosus 	SRLAQSFEYNYGDFIPILRPFLR	0H	2802.4725959807297	m26	CYP73A1		23		214	236	Genetics	Yes	in silico digestion - mature
species	4233	Helianthus tuberosus 	TGRFEQGDVLDVCLK	0H	1679.84213221647	m244	CYP76B1		15		255	269	Genetics	Yes	in silico digestion - mature
species	4233	Helianthus tuberosus 	TLVALFAAIIGAILISK	0H	1714.0877055624503	m633	CYP73A1		17		9	25	Genetics	Yes	in silico digestion - mature
species	4233	Helianthus tuberosus 	TLVALFAAIIGAILISKLR	0H	1983.2728805631803	m627	CYP73A1		19		9	27	Genetics	Yes	in silico digestion - mature
species	4233	Helianthus tuberosus 	TNLVDVFPVLKK	0H	1372.8198635669198	m239	CYP76B1		12		213	224	Genetics	Yes	in silico digestion - mature
species	4233	Helianthus tuberosus 	TRNVVFDIFTGK	0H	1396.75832593952	m664	CYP73A1		12		102	113	Genetics	Yes	in silico digestion - mature
species	4233	Helianthus tuberosus 	TSLNLLSNTIFSK	0H	1437.7947710178898	m226	CYP76B1		13		174	186	Genetics	Yes	in silico digestion - mature
species	4233	Helianthus tuberosus 	TSLNLLSNTIFSKDLTDPYEDSGK	0H	2658.31448314313	m230	CYP76B1		24		174	197	Genetics	Yes	in silico digestion - mature
species	4233	Helianthus tuberosus 	VEANGNDFRYLPFGVGR	0H	1910.9507711486601	m60	CYP73A1		17		428	444	Genetics	Yes	in silico digestion - mature
species	4233	Helianthus tuberosus 	VLGIFDQLIEER	0H	1431.78420633419	m242	CYP76B1		12		241	252	Genetics	Yes	in silico digestion - mature
species	4233	Helianthus tuberosus 	VLGIFDQLIEERMR	0H	1718.92580227078	m240	CYP76B1		14		241	254	Genetics	Yes	in silico digestion - mature
species	4233	Helianthus tuberosus 	VPYDVLDMTEKNGTTISK	0H	2011.00523435994	m273	CYP76B1		18		461	478	Genetics	Yes	in silico digestion - mature
species	4233	Helianthus tuberosus 	VVQQYRYGWEAEAAAVVDDVK	0H	2396.18810086155	m678	CYP73A1		21		142	162	Genetics	Yes	in silico digestion - mature
species	4233	Helianthus tuberosus 	VVTQVELSGYTIPAGTLVFVNAWAIGR	0H	2861.55599125152	m260	CYP76B1		27		366	392	Genetics	Yes	in silico digestion - mature
species	4233	Helianthus tuberosus 	YGWEAEAAAVVDDVK	0H	1622.7696784688599	m672	CYP73A1		15		148	162	Genetics	Yes	in silico digestion - mature
species	4233	Helianthus tuberosus 	YGWEAEAAAVVDDVKK	0H	1750.8646414828602	m0	CYP73A1		16		148	163	Genetics	Yes	in silico digestion - mature
species	9606	Homo sapiens 	AIHKIDIPSFDWPIAPFPR	0H	2220.1964211476297	m318	ABAT		19		232	250	Genetics	Yes	in silico digestion - mature
species	9606	Homo sapiens 	AIHKIDIPSFDWPIAPFPR	1H	2236.19133614763	m318	ABAT		19		232	250	Genetics	Yes	in silico digestion - mature
species	9606	Homo sapiens 	ALLTGLLDLQAR	0H	1283.76816234723	m359	ABAT		12		414	425	Genetics	Yes	in silico digestion - mature
species	9606	Homo sapiens 	ALLTGLLDLQARYPQFISR	0H	2175.2284495518998	m357	ABAT		19		414	432	Genetics	Yes	in silico digestion - mature
species	9606	Homo sapiens 	CLEEVEDLIVKYR	0H	1608.83017055044	m322	ABAT		13		269	281	Genetics	Yes	in silico digestion - mature
species	9606	Homo sapiens 	DHHAHLFLNIFSDILADFK	0H	2253.1451138507596	m367	ABAT		19		482	500	Genetics	Yes	in silico digestion - mature
species	9606	Homo sapiens 	EDLLNNAAHAGK	0H	1252.62804004596	m355	ABAT		12		402	413	Genetics	Yes	in silico digestion - mature
species	9606	Homo sapiens 	EDLLNNAAHAGKALLTGLLDLQAR	0H	2517.3783612427196	m353	ABAT		24		402	425	Genetics	Yes	in silico digestion - mature
species	9606	Homo sapiens 	EEFRPNAPYRIFNTWLGDPSK	1H	2553.25209848088	m341	ABAT		21		368	388	Genetics	Yes	in silico digestion - mature
species	9606	Homo sapiens 	ENQQEEARCLEEVEDLIVK	0H	2274.09181751821	m323	ABAT		19		261	279	Genetics	Yes	in silico digestion - mature
species	9606	Homo sapiens 	FRPTLVFRDHHAHLFLNIFSDILADFK	0H	3269.73708393132	m374	ABAT		27		474	500	Genetics	Yes	in silico digestion - mature
species	9606	Homo sapiens 	FWAHEHWGLDDPADVMTFSK	0H	2389.07062858116	m333	ABAT		20		338	357	Genetics	Yes	in silico digestion - mature
species	9606	Homo sapiens 	FWAHEHWGLDDPADVMTFSKK	0H	2517.16559159516	m339	ABAT		21		338	358	Genetics	Yes	in silico digestion - mature
species	9606	Homo sapiens 	GFSQEELETCMINQAPGCPDYSILSFMGAFHGR	1H	3651.6011231780203	m314	ABAT		33		188	220	Genetics	Yes	in silico digestion - mature
species	9606	Homo sapiens 	GMSQLITMACGSCSNENALK	0H	2057.91227965857	m306	ABAT		20		154	173	Genetics	Yes	in silico digestion - mature
species	9606	Homo sapiens 	GMSQLITMACGSCSNENALKTIFMWYR	0H	3055.3966734360997	m308	ABAT		27		154	180	Genetics	Yes	in silico digestion - mature
species	9606	Homo sapiens 	GNYLVDVDGNRMLDLYSQISSVPIGYSHPALLK	0H	3634.85739485629	m299	ABAT		33		82	114	Genetics	Yes	in silico digestion - mature
species	9606	Homo sapiens 	GRGTFCSFDTPDDSIR	0H	1773.78607389233	m363	ABAT		16		435	450	Genetics	Yes	in silico digestion - mature
species	9606	Homo sapiens 	GTFCSFDTPDDSIR	0H	1560.66349914816	m361	ABAT		14		437	450	Genetics	Yes	in silico digestion - mature
species	9606	Homo sapiens 	GTFCSFDTPDDSIRNK	0H	1802.8013896032999	m365	ABAT		16		437	452	Genetics	Yes	in silico digestion - mature
species	9606	Homo sapiens 	GVVLGGCGDKSIR	0H	1260.6728820634	m371	ABAT		13		461	473	Genetics	Yes	in silico digestion - mature
species	9606	Homo sapiens 	HGCAFLVDEVQTGGGCTGK	0H	1878.8472942499002	m337	ABAT		19		319	337	Genetics	Yes	in silico digestion - mature
species	9606	Homo sapiens 	HISQAAAKVDVEFDYDGPLMK	0H	2334.1434591682496	m287	ABAT		21		27	47	Genetics	Yes	in silico digestion - mature
species	9606	Homo sapiens 	IDIPSFDWPIAPFPR	0H	1770.9213685133402	m312	ABAT		15		236	250	Genetics	Yes	in silico digestion - mature
species	9606	Homo sapiens 	IDIPSFDWPIAPFPR	1H	1786.9162835133402	m312	ABAT		15		236	250	Genetics	Yes	in silico digestion - mature
species	9606	Homo sapiens 	IDIPSFDWPIAPFPRLK	0H	2012.10039550447	m320	ABAT		17		236	252	Genetics	Yes	in silico digestion - mature
species	9606	Homo sapiens 	IDIPSFDWPIAPFPRLK	1H	2028.09531050447	m320	ABAT		17		236	252	Genetics	Yes	in silico digestion - mature
species	9606	Homo sapiens 	IFNTWLGDPSKNLLLAEVINIIK	1H	2627.4807014333796	m345	ABAT		23		378	400	Genetics	Yes	in silico digestion - mature
species	9606	Homo sapiens 	KHGCAFLVDEVQTGGGCTGK	0H	2006.9422572639	m335	ABAT		20		318	337	Genetics	Yes	in silico digestion - mature
species	9606	Homo sapiens 	KTVAGIIVEPIQSEGGDNHASDDFFR	0H	2802.3693126806497	m327	ABAT		26		285	310	Genetics	Yes	in silico digestion - mature
species	9606	Homo sapiens 	LACSFQHSYRLLVPGSR	0H	1934.00651220297	m279	ABAT		17		10	26	Genetics	Yes	in silico digestion - mature
species	9606	Homo sapiens 	LIQQPQNASMFVNRPALGILPPENFVEK	0H	3150.67685174353	m301	ABAT		28		115	142	Genetics	Yes	in silico digestion - mature
species	9606	Homo sapiens 	LIQQPQNASMFVNRPALGILPPENFVEK	1H	3166.67176674353	m301	ABAT		28		115	142	Genetics	Yes	in silico digestion - mature
species	9606	Homo sapiens 	LIQQPQNASMFVNRPALGILPPENFVEKLR	0H	3419.8620267442598	m304	ABAT		30		115	144	Genetics	Yes	in silico digestion - mature
species	9606	Homo sapiens 	LIQQPQNASMFVNRPALGILPPENFVEKLR	1H	3435.85694174426	m304	ABAT		30		115	144	Genetics	Yes	in silico digestion - mature
species	9606	Homo sapiens 	LLVPGSRHISQAAAK	0H	1547.9016361282702	m285	ABAT		15		20	34	Genetics	Yes	in silico digestion - mature
species	9606	Homo sapiens 	MASMLLAQRLACSFQHSYR	0H	2213.0776456212398	m281	ABAT		19		1	19	Genetics	Yes	in silico digestion - mature
species	9606	Homo sapiens 	MLDLYSQISSVPIGYSHPALLK	0H	2432.28939512595	m302	ABAT		22		93	114	Genetics	Yes	in silico digestion - mature
species	9606	Homo sapiens 	MMTGGFFHKEEFRPNAPYR	0H	2315.08483917666	m343	ABAT		19		359	377	Genetics	Yes	in silico digestion - mature
species	9606	Homo sapiens 	NKGVVLGGCGDK	0H	1146.5935691135398	m369	ABAT		12		459	470	Genetics	Yes	in silico digestion - mature
species	9606	Homo sapiens 	NLLLAEVINIIK	0H	1352.8511636951998	m349	ABAT		12		389	400	Genetics	Yes	in silico digestion - mature
species	9606	Homo sapiens 	NLLLAEVINIIKR	0H	1508.9522747188	m347	ABAT		13		389	401	Genetics	Yes	in silico digestion - mature
species	9606	Homo sapiens 	QLNIIQNAEAVHFFCNYEESR	0H	2525.18778359172	m295	ABAT		21		61	81	Genetics	Yes	in silico digestion - mature
species	9606	Homo sapiens 	QLNIIQNAEAVHFFCNYEESRGNYLVDVDGNR	0H	3727.75578332206	m297	ABAT		32		61	92	Genetics	Yes	in silico digestion - mature
species	9606	Homo sapiens 	QSLLSVAPKGMSQLITMACGSCSNENALK	0H	2981.4562964872	m310	ABAT		29		145	173	Genetics	Yes	in silico digestion - mature
species	9606	Homo sapiens 	REDLLNNAAHAGK	0H	1408.7291510695602	m351	ABAT		13		401	413	Genetics	Yes	in silico digestion - mature
species	9606	Homo sapiens 	SQELMKQLNIIQNAEAVHFFCNYEESR	0H	3241.54049449336	m291	ABAT		27		55	81	Genetics	Yes	in silico digestion - mature
species	9606	Homo sapiens 	TEVPGPRSQELMK	0H	1471.75733996335	m293	ABAT		13		48	60	Genetics	Yes	in silico digestion - mature
species	9606	Homo sapiens 	TMGCLATTHSKAIHK	0H	1598.8141436468202	m316	ABAT		15		221	235	Genetics	Yes	in silico digestion - mature
species	9606	Homo sapiens 	TVAGIIVEPIQSEGGDNHASDDFFR	0H	2674.2743496666494	m329	ABAT		25		286	310	Genetics	Yes	in silico digestion - mature
species	9606	Homo sapiens 	TVAGIIVEPIQSEGGDNHASDDFFRK	0H	2802.3693126806497	m331	ABAT		26		286	311	Genetics	Yes	in silico digestion - mature
species	9606	Homo sapiens 	VDVEFDYDGPLMK	0H	1527.7035730549899	m289	ABAT		13		35	47	Genetics	Yes	in silico digestion - mature
species	9606	Homo sapiens 	VDVEFDYDGPLMKTEVPGPR	0H	2264.09036096623	m283	ABAT		20		35	54	Genetics	Yes	in silico digestion - mature
species	9606	Homo sapiens 	YPLEEFVKENQQEEAR	0H	2008.96106104884	m325	ABAT		16		253	268	Genetics	Yes	in silico digestion - mature
species	4513	Hordeum vulgare 	GTYGQQGHTGMTGTG	0H	1452.6172176620798	m532	ABA3	1	15		158	172	Genetics	Yes	in silico digestion - mature
species	3885	Phaseolus vulgaris 	AFGFNNEFDTFEDVR	0H	1807.7922048185899	m33	LOXA		15		299	313	Genetics	Yes	in silico digestion - mature
species	3885	Phaseolus vulgaris 	AFGFNNEFDTFEDVRGLFEGGLYLPTDVISK	0H	3497.689978094679	m31	LOXA		31		299	329	Genetics	Yes	in silico digestion - mature
species	3885	Phaseolus vulgaris 	AFYSAPIQINDR	0H	1394.7062903666601	m199	ARC2		12		67	78	Genetics	Yes	in silico digestion - mature
species	3885	Phaseolus vulgaris 	AFYSAPIQINDRTIDNLASFSTNFTFR	0H	3109.5377749880795	m197	ARC2		27		67	93	Genetics	Yes	in silico digestion - mature
species	3885	Phaseolus vulgaris 	AFYSAPIQIRDSTTGNVASFDTNFTMNIR	0H	3237.5633381129196	m486	LLP		29		66	94	Genetics	Yes	in silico digestion - mature
species	3885	Phaseolus vulgaris 	AFYYAPIQIRDSTTGK	0H	1830.9384751294601	m529	ARC4		16		70	85	Genetics	Yes	in silico digestion - mature
species	3885	Phaseolus vulgaris 	ASLVYLREQSATSSTSSVHMEK	0H	2411.18711488538	m531	ARC4		22		193	214	Genetics	Yes	in silico digestion - mature
species	3885	Phaseolus vulgaris 	AYVVVNDSCYHQLMSHWLNTHAVMEPFVIATNR	0H	3845.8349026732394	m74	LOXA		33		507	539	Genetics	Yes	in silico digestion - mature
species	3885	Phaseolus vulgaris 	CEIPTSDTYIPR	0H	1394.6620425961798	m13	LOXA		12		257	268	Genetics	Yes	in silico digestion - mature
species	3885	Phaseolus vulgaris 	CEIPTSDTYIPRDENFGHLK	0H	2335.10232263226	m16	LOXA		20		257	276	Genetics	Yes	in silico digestion - mature
species	3885	Phaseolus vulgaris 	CHVSATVPLEKEVEDWVSVGFSATSGSK	0H	2949.42986433188	m223	ARC1		28		201	228	Genetics	Yes	in silico digestion - mature
species	3885	Phaseolus vulgaris 	CLDTTDYCYKSCK	0H	1542.6273139635798	m582	BBI		13		88	100	Genetics	Yes	in silico digestion - mature
species	3885	Phaseolus vulgaris 	CRCLDTTDYCYK	0H	1483.60143356891	m577	BBI		12		86	97	Genetics	Yes	in silico digestion - mature
species	3885	Phaseolus vulgaris 	DAHTVAVVFDTVSNR	0H	1630.81835999678	m219	ARC1		15		135	149	Genetics	Yes	in silico digestion - mature
species	3885	Phaseolus vulgaris 	DASVSSSGQLRLTNLNGNGEPR	1H	2288.12254086331	m407	DLEC2		22		41	62	Genetics	Yes	in silico digestion - mature
species	3885	Phaseolus vulgaris 	DDNTLKPLAIELSLPNPGGK	0H	2092.12846072711	m69	LOXA		20		464	483	Genetics	Yes	in silico digestion - mature
species	3885	Phaseolus vulgaris 	DDNTLKPLAIELSLPNPGGKGANSR	0H	2577.3631051014	m65	LOXA		25		464	488	Genetics	Yes	in silico digestion - mature
species	3885	Phaseolus vulgaris 	DENFGHLKSGDFLTYAIK	0H	2055.01818200214	m21	LOXA		18		269	286	Genetics	Yes	in silico digestion - mature
species	3885	Phaseolus vulgaris 	DKGGFLGLFDGSNSNFHTVAVEFDTLYNK	0H	3192.52726987403	m417	DLEC2		29		121	149	Genetics	Yes	in silico digestion - mature
species	3885	Phaseolus vulgaris 	DKGGLLGLFNNYK	0H	1438.76889062322	m166	DLEC1		13		122	134	Genetics	Yes	in silico digestion - mature
species	3885	Phaseolus vulgaris 	DNPNWTNNIKALQAFK	0H	1873.95552217593	m119	LOXA		16		791	806	Genetics	Yes	in silico digestion - mature
species	3885	Phaseolus vulgaris 	DPKCEIPTSDTYIPR	0H	1734.83671248286	m19	LOXA		15		254	268	Genetics	Yes	in silico digestion - mature
species	3885	Phaseolus vulgaris 	DSTTGNVASFDTNFTMNIR	0H	2090.9447593617	m522	LLP		19		76	94	Genetics	Yes	in silico digestion - mature
species	3885	Phaseolus vulgaris 	DSTTGNVASFDTNFTMNIRTHR	0H	2485.1524607121596	m568	LLP		22		76	97	Genetics	Yes	in silico digestion - mature
species	3885	Phaseolus vulgaris 	DTELQAWWKEAVEK	0H	1732.85407679916	m105	LOXA		14		665	678	Genetics	Yes	in silico digestion - mature
species	3885	Phaseolus vulgaris 	DTMNINALARQSLINAGGVIER	0H	2356.24015351775	m81	LOXA		22		557	578	Genetics	Yes	in silico digestion - mature
species	3885	Phaseolus vulgaris 	DWDPTERHIGIDVNSIR	0H	2022.99917789306	m413	DLEC2		17		150	166	Genetics	Yes	in silico digestion - mature
species	3885	Phaseolus vulgaris 	DYVSLYYPTNDAVK	0H	1647.79007956027	m99	LOXA		14		650	663	Genetics	Yes	in silico digestion - mature
species	3885	Phaseolus vulgaris 	DYVSLYYPTNDAVKK	0H	1775.88504257427	m101	LOXA		15		650	664	Genetics	Yes	in silico digestion - mature
species	3885	Phaseolus vulgaris 	EELENLRGDGTGER	0H	1574.7405035989	m679	LOXA		14		190	203	Genetics	Yes	in silico digestion - mature
species	3885	Phaseolus vulgaris 	EHLEINLGGLTVEEALHGNR	0H	2201.1309203385995	m53	LOXA		20		409	428	Genetics	Yes	in silico digestion - mature
species	3885	Phaseolus vulgaris 	EILRTDGEQVLK	0H	1400.77436992648	m43	LOXA		12		338	349	Genetics	Yes	in silico digestion - mature
species	3885	Phaseolus vulgaris 	EMLAGVNPCLIQR	0H	1443.74466710467	m51	LOXA		13		372	384	Genetics	Yes	in silico digestion - mature
species	3885	Phaseolus vulgaris 	EMLAGVNPCLIQRLQEFPPK	0H	2283.1988062997398	m47	LOXA		20		372	391	Genetics	Yes	in silico digestion - mature
species	3885	Phaseolus vulgaris 	EQSATSSTSSVHMEK	0H	1608.716991273	m539	ARC4		15		200	214	Genetics	Yes	in silico digestion - mature
species	3885	Phaseolus vulgaris 	ESCHFHKYNGEK	0H	1478.64812386754	m534	ARC4		12		166	177	Genetics	Yes	in silico digestion - mature
species	3885	Phaseolus vulgaris 	ETTETHNVLSWSFSSNFINFEGK	0H	2674.2419869092096	m237	ARC2		23		230	252	Genetics	Yes	in silico digestion - mature
species	3885	Phaseolus vulgaris 	ETTETHNVLSWSFSSNFINFEGKK	0H	2802.33694992321	m235	ARC2		24		230	253	Genetics	Yes	in silico digestion - mature
species	3885	Phaseolus vulgaris 	ETTETHNVLSWSFSSNFINFK	0H	2488.17793010067	m272	ARC1		21		230	250	Genetics	Yes	in silico digestion - mature
species	3885	Phaseolus vulgaris 	ETTETHNVLSWSFSSNFINFKGK	0H	2673.29435683524	m270	ARC1		23		230	252	Genetics	Yes	in silico digestion - mature
species	3885	Phaseolus vulgaris 	EVEDWVSVGFSATSGSK	0H	1784.8337352774	m231	ARC1		17		212	228	Genetics	Yes	in silico digestion - mature
species	3885	Phaseolus vulgaris 	EVEDWVSVGFSATSGSKK	0H	1912.9286982914	m229	ARC1		18		212	229	Genetics	Yes	in silico digestion - mature
species	3885	Phaseolus vulgaris 	EYDRIYDYAVYNDLGNPDK	1H	2339.0462476052203	m676	LOXA		19		205	223	Genetics	Yes	in silico digestion - mature
species	3885	Phaseolus vulgaris 	EYGELTSNYQKAYLR	0H	1834.8970042403	m109	LOXA		15		745	759	Genetics	Yes	in silico digestion - mature
species	3885	Phaseolus vulgaris 	FFTVLFLVLLTHANSSNDIYFNFQR	0H	3006.55124022425	m405	DLEC2		25		6	30	Genetics	Yes	in silico digestion - mature
species	3885	Phaseolus vulgaris 	FNETNLILQRDASVSSSGQLR	0H	2335.2000625275796	m409	DLEC2		21		31	51	Genetics	Yes	in silico digestion - mature
species	3885	Phaseolus vulgaris 	FNETNLILQRDATVSSK	0H	1936.0134309748698	m160	DLEC1		17		32	48	Genetics	Yes	in silico digestion - mature
species	3885	Phaseolus vulgaris 	FSQHTTSERSNFLLNMFL	0H	2172.05425024103	m536	ARC4		18		249	266	Genetics	Yes	in silico digestion - mature
species	3885	Phaseolus vulgaris 	GANSRVILPADGGAESTIWLLAK	0H	2339.27177091586	m72	LOXA		23		484	506	Genetics	Yes	in silico digestion - mature
species	3885	Phaseolus vulgaris 	GDTVTVEFDTFLSR	0H	1586.7696784688599	m592	LLP		14		118	131	Genetics	Yes	in silico digestion - mature
species	3885	Phaseolus vulgaris 	GDTVTVEFDTFLSRISIDVNNNDIK	0H	2812.39994410259	m595	LLP		25		118	142	Genetics	Yes	in silico digestion - mature
species	3885	Phaseolus vulgaris 	GENAEVLITYDSSTK	0H	1626.78572245582	m158	DLEC1		15		181	195	Genetics	Yes	in silico digestion - mature
species	3885	Phaseolus vulgaris 	GENAEVLITYDSSTKLLVASLVYPSLK	0H	2910.5710321789697	m172	DLEC1		27		181	207	Genetics	Yes	in silico digestion - mature
species	3885	Phaseolus vulgaris 	GGFLGLFDGSNSNFHTVAVEFDTLYNK	0H	2949.4053638361997	m415	DLEC2		27		123	149	Genetics	Yes	in silico digestion - mature
species	3885	Phaseolus vulgaris 	GGIVGAAGGLFGAATDIVGGIVDGATAIFSR	0H	2790.4784692068097	m643	LOXA		31		34	64	Genetics	Yes	in silico digestion - mature
species	3885	Phaseolus vulgaris 	GHGDLKDKPWWPK	0H	1563.8066731142699	m107	LOXA		13		679	691	Genetics	Yes	in silico digestion - mature
species	3885	Phaseolus vulgaris 	GLFEGGLYLPTDVISK	0H	1708.9156144265598	m37	LOXA		16		314	329	Genetics	Yes	in silico digestion - mature
species	3885	Phaseolus vulgaris 	GLFEGGLYLPTDVISKISPIPVLK	0H	2556.46873938691	m35	LOXA		24		314	337	Genetics	Yes	in silico digestion - mature
species	3885	Phaseolus vulgaris 	GMAVEDPSSPYGLR	0H	1478.69440535362	m97	LOXA		14		612	625	Genetics	Yes	in silico digestion - mature
species	3885	Phaseolus vulgaris 	GNEEDSMGRAFYSAPIQINDR	0H	2370.0778987895696	m195	ARC2		21		58	78	Genetics	Yes	in silico digestion - mature
species	3885	Phaseolus vulgaris 	GNGDPTVDSMGR	1H	1221.51644137209	m528	ARC4		12		58	69	Genetics	Yes	in silico digestion - mature
species	3885	Phaseolus vulgaris 	GNGDPTVDSMGRAFYYAPIQIR	1H	2444.16632025159	m523	ARC4		22		58	79	Genetics	Yes	in silico digestion - mature
species	3885	Phaseolus vulgaris 	GNVETNDILSWSFASK	0H	1767.85480507515	m184	DLEC1		16		239	254	Genetics	Yes	in silico digestion - mature
species	3885	Phaseolus vulgaris 	GNVETNDVLSWSFASK	0H	1753.83915501101	m426	DLEC2		16		236	251	Genetics	Yes	in silico digestion - mature
species	3885	Phaseolus vulgaris 	GQLRLTNVNDNGEPTLSSLGR	1H	2257.1531127156	m162	DLEC1		21		49	69	Genetics	Yes	in silico digestion - mature
species	3885	Phaseolus vulgaris 	GRYLGLFNTANYDR	0H	1659.82377973039	m213	ARC2		14		121	134	Genetics	Yes	in silico digestion - mature
species	3885	Phaseolus vulgaris 	GRYLGLFNTTNYDR	0H	1689.83434441409	m256	ARC1		14		121	134	Genetics	Yes	in silico digestion - mature
species	3885	Phaseolus vulgaris 	GTVVLMTKNVFDFNEFVSTTR	0H	2405.21695846168	m653	LOXA		21		13	33	Genetics	Yes	in silico digestion - mature
species	3885	Phaseolus vulgaris 	HASDEVYLGQRDNPNWTNNIK	0H	2471.16982502846	m117	LOXA		21		780	800	Genetics	Yes	in silico digestion - mature
species	3885	Phaseolus vulgaris 	HIGIDVNSIKSIK	0H	1423.82673985251	m170	DLEC1		13		160	172	Genetics	Yes	in silico digestion - mature
species	3885	Phaseolus vulgaris 	HIGIDVNSIRSIK	0H	1451.83288786211	m420	DLEC2		13		157	169	Genetics	Yes	in silico digestion - mature
species	3885	Phaseolus vulgaris 	HLSVLHPIYKLLLPHYR	0H	2099.22766170626	m77	LOXA		17		540	556	Genetics	Yes	in silico digestion - mature
species	3885	Phaseolus vulgaris 	IEIDVNSIRPIATESCNFGHNNGEK	0H	2757.32606796968	m217	ARC1		25		150	174	Genetics	Yes	in silico digestion - mature
species	3885	Phaseolus vulgaris 	IEIDVNSIRPIATESCNFGHNNGEKAEVR	0H	3212.57529977895	m221	ARC1		29		150	178	Genetics	Yes	in silico digestion - mature
species	3885	Phaseolus vulgaris 	IFFANKTYLPNETPASLVK	0H	2153.1641179598396	m668	LOXA		19		168	186	Genetics	Yes	in silico digestion - mature
species	3885	Phaseolus vulgaris 	INAKNIENSAYGLAFALVPVGSRPK	0H	2629.4460468797197	m250	ARC1		25		94	118	Genetics	Yes	in silico digestion - mature
species	3885	Phaseolus vulgaris 	INAKNNENSAYGLAFALVPVGSRPK	0H	2630.4049103437296	m207	ARC2		25		94	118	Genetics	Yes	in silico digestion - mature
species	3885	Phaseolus vulgaris 	INDLPTAKCYATR	0H	1465.7467752796501	m63	LOXA		13		445	457	Genetics	Yes	in silico digestion - mature
species	3885	Phaseolus vulgaris 	ISIDVNNNDIKSVPWDVHDYDGQNAEVR	0H	3212.5243097519096	m598	LLP		28		132	159	Genetics	Yes	in silico digestion - mature
species	3885	Phaseolus vulgaris 	ISPIPVLKEILR	0H	1377.88279817665	m39	LOXA		12		330	341	Genetics	Yes	in silico digestion - mature
species	3885	Phaseolus vulgaris 	ITYNSSTKVFSVSLSNPSTGK	0H	2217.1397536868	m611	LLP		21		160	180	Genetics	Yes	in silico digestion - mature
species	3885	Phaseolus vulgaris 	IYDYAVYNDLGNPDK	1H	1775.81227193727	m1	LOXA		15		209	223	Genetics	Yes	in silico digestion - mature
species	3885	Phaseolus vulgaris 	IYDYAVYNDLGNPDKNK	1H	2017.95016239241	m673	LOXA		17		209	225	Genetics	Yes	in silico digestion - mature
species	3885	Phaseolus vulgaris 	KETTETHNVLSWSFSSNFINFEGK	0H	2802.33694992321	m233	ARC2		24		229	252	Genetics	Yes	in silico digestion - mature
species	3885	Phaseolus vulgaris 	KETTETHNVLSWSFSSNFINFK	0H	2616.27289311467	m268	ARC1		22		229	250	Genetics	Yes	in silico digestion - mature
species	3885	Phaseolus vulgaris 	LDVTVYGDQTSTMTK	0H	1658.79417896454	m57	LOXA		15		394	408	Genetics	Yes	in silico digestion - mature
species	3885	Phaseolus vulgaris 	LFILDHHDAFIPYLER	0H	1999.0436089043399	m59	LOXA		16		429	444	Genetics	Yes	in silico digestion - mature
species	3885	Phaseolus vulgaris 	LFILDHHDAFIPYLERINDLPTAK	0H	2851.5141264395397	m61	LOXA		24		429	452	Genetics	Yes	in silico digestion - mature
species	3885	Phaseolus vulgaris 	LILQGDASVSSK	0H	1217.67359325605	m520	ARC4		12		37	48	Genetics	Yes	in silico digestion - mature
species	3885	Phaseolus vulgaris 	LILQGDASVSSKGQLLLTK	0H	1971.1484678957002	m518	ARC4		19		37	55	Genetics	Yes	in silico digestion - mature
species	3885	Phaseolus vulgaris 	LLLPHYRDTMNINALAR	0H	2011.0905761801	m79	LOXA		17		550	566	Genetics	Yes	in silico digestion - mature
species	3885	Phaseolus vulgaris 	LLPEPGTKEYGELTSNYQK	0H	2167.09174086522	m111	LOXA		19		737	755	Genetics	Yes	in silico digestion - mature
species	3885	Phaseolus vulgaris 	LLSLALFLALLSHANSATETSFIIDAFNK	0H	3120.69796402759	m563	LLP		29		8	36	Genetics	Yes	in silico digestion - mature
species	3885	Phaseolus vulgaris 	LLSLALLLVLLTHANSASETSFNFTSFDTNK	0H	3367.7783991762594	m516	ARC4		31		6	36	Genetics	Yes	in silico digestion - mature
species	3885	Phaseolus vulgaris 	LLVASLVYPSLK	0H	1302.8031508736199	m178	DLEC1		12		196	207	Genetics	Yes	in silico digestion - mature
species	3885	Phaseolus vulgaris 	LLVASLVYPSLKTSFIVSDTVDLK	0H	2608.48478337387	m176	DLEC1		24		196	219	Genetics	Yes	in silico digestion - mature
species	3885	Phaseolus vulgaris 	LNSCHSACKSCMCTR	0H	1643.65791998255	m589	BBI		15		66	80	Genetics	Yes	in silico digestion - mature
species	3885	Phaseolus vulgaris 	LSDGTTSEALNLANFALNQIL	0H	2205.1397536868	m188	DLEC1		21		255	275	Genetics	Yes	in silico digestion - mature
species	3885	Phaseolus vulgaris 	LSDGTTSEGLNLANLVLNK	0H	1959.0393113695402	m430	DLEC2		19		252	270	Genetics	Yes	in silico digestion - mature
species	3885	Phaseolus vulgaris 	LSDGTTSEGLNLANLVLNKIL	0H	2185.2074393237995	m432	DLEC2		21		252	272	Genetics	Yes	in silico digestion - mature
species	3885	Phaseolus vulgaris 	LTNLNGNGEPRVGSLGR	1H	1769.9252850572502	m411	DLEC2		17		52	68	Genetics	Yes	in silico digestion - mature
species	3885	Phaseolus vulgaris 	LTNVNDNGEPTLSSLGR	1H	1802.88789648902	m164	DLEC1		17		53	69	Genetics	Yes	in silico digestion - mature
species	3885	Phaseolus vulgaris 	LVVEDYPYAVDGLEIWDTIQTWVK	0H	2852.43928973343	m95	LOXA		24		626	649	Genetics	Yes	in silico digestion - mature
species	3885	Phaseolus vulgaris 	MASSKFFTVLFLVLLTHANSSNDIYFNFQR	0H	3510.7878587444898	m403	DLEC2		30		1	30	Genetics	Yes	in silico digestion - mature
species	3885	Phaseolus vulgaris 	MASSNLLSLALFLVLLTHANSASQTSFSFQR	0H	3354.75147323577	m153	DLEC1		31		1	31	Genetics	Yes	in silico digestion - mature
species	3885	Phaseolus vulgaris 	MMVLKVCLLLVFLAGVTTAR	0H	2178.25750747617	m571	BBI		20		1	20	Genetics	Yes	in silico digestion - mature
species	3885	Phaseolus vulgaris 	MPYTVLLPTCEDEGLTFR	0H	2085.0031261849595	m125	LOXA		18		837	854	Genetics	Yes	in silico digestion - mature
species	3885	Phaseolus vulgaris 	MPYTVLLPTCEDEGLTFRGIPNSISI	1H	2882.43144493545	m121	LOXA		26		837	862	Genetics	Yes	in silico digestion - mature
species	3885	Phaseolus vulgaris 	NDLRVSLLYPSSEEK	0H	1749.90175526757	m225	ARC1		15		186	200	Genetics	Yes	in silico digestion - mature
species	3885	Phaseolus vulgaris 	NGPVKMPYTVLLPTCEDEGLTFR	0H	2580.2836581225097	m123	LOXA		23		832	854	Genetics	Yes	in silico digestion - mature
species	3885	Phaseolus vulgaris 	NIAIQLISATKTDGLGNGK	0H	1914.06546654773	m659	LOXA		19		65	83	Genetics	Yes	in silico digestion - mature
species	3885	Phaseolus vulgaris 	NIENSAYGLAFALVPVGSRPK	0H	2203.18697866274	m248	ARC1		21		98	118	Genetics	Yes	in silico digestion - mature
species	3885	Phaseolus vulgaris 	NIENSAYGLAFALVPVGSRPKLK	0H	2444.3660056538697	m252	ARC1		23		98	120	Genetics	Yes	in silico digestion - mature
species	3885	Phaseolus vulgaris 	NLARTTLGGSSDFPYPR	0H	1851.93478673135	m7	LOXA		17		226	242	Genetics	Yes	in silico digestion - mature
species	3885	Phaseolus vulgaris 	NNENSAYGLAFALVPVGSRPK	0H	2204.14584212675	m205	ARC2		21		98	118	Genetics	Yes	in silico digestion - mature
species	3885	Phaseolus vulgaris 	NNENSAYGLAFALVPVGSRPKLK	0H	2445.3248691178796	m209	ARC2		23		98	120	Genetics	Yes	in silico digestion - mature
species	3885	Phaseolus vulgaris 	NVFDFNEFVSTTR	0H	1575.74379807419	m650	LOXA		13		21	33	Genetics	Yes	in silico digestion - mature
species	3885	Phaseolus vulgaris 	QANSAVGLDFVLVPVQPESK	0H	2098.1178960434095	m525	LLP		20		98	117	Genetics	Yes	in silico digestion - mature
species	3885	Phaseolus vulgaris 	QDAFNVYFEWDENFGIPEAFYIK	1H	2858.29843953661	m662	LOXA		23		104	126	Genetics	Yes	in silico digestion - mature
species	3885	Phaseolus vulgaris 	QSLINAGGVIER	0H	1256.69572568296	m83	LOXA		12		567	578	Genetics	Yes	in silico digestion - mature
species	3885	Phaseolus vulgaris 	QSLINAGGVIERSFLPGEFAVEMSSAVYK	0H	3099.58194829918	m75	LOXA		29		567	595	Genetics	Yes	in silico digestion - mature
species	3885	Phaseolus vulgaris 	QTFLEKHLPSLPNLGDR	0H	1965.0552362172	m656	LOXA		17		87	103	Genetics	Yes	in silico digestion - mature
species	3885	Phaseolus vulgaris 	RGMAVEDPSSPYGLR	0H	1634.7955163772199	m93	LOXA		15		611	625	Genetics	Yes	in silico digestion - mature
species	3885	Phaseolus vulgaris 	SAWMTDEEFGREMLAGVNPCLIQR	0H	2753.2844034818395	m49	LOXA		24		361	384	Genetics	Yes	in silico digestion - mature
species	3885	Phaseolus vulgaris 	SFLPGEFAVEMSSAVYK	0H	1861.9040637666901	m87	LOXA		17		579	595	Genetics	Yes	in silico digestion - mature
species	3885	Phaseolus vulgaris 	SFLPGEFAVEMSSAVYKSWVFTDQALPADLIK	0H	3546.78652133181	m85	LOXA		32		579	610	Genetics	Yes	in silico digestion - mature
species	3885	Phaseolus vulgaris 	SGDFLTYAIKSLTQNVLPTFQK	0H	2471.31805240194	m24	LOXA		22		277	298	Genetics	Yes	in silico digestion - mature
species	3885	Phaseolus vulgaris 	SKLDVTVYGDQTSTMTK	0H	1873.9211703828098	m55	LOXA		17		392	408	Genetics	Yes	in silico digestion - mature
species	3885	Phaseolus vulgaris 	SLTQNVLPTFQK	0H	1375.75799158635	m29	LOXA		12		287	298	Genetics	Yes	in silico digestion - mature
species	3885	Phaseolus vulgaris 	SLTQNVLPTFQKAFGFNNEFDTFEDVR	0H	3164.53235525447	m27	LOXA		27		287	313	Genetics	Yes	in silico digestion - mature
species	3885	Phaseolus vulgaris 	SNNVSTTVELEK	0H	1320.66415077116	m622	LLP		12		181	192	Genetics	Yes	in silico digestion - mature
species	3885	Phaseolus vulgaris 	SVLPEWVIVGFTATTGITK	0H	2019.11610513826	m186	DLEC1		19		220	238	Genetics	Yes	in silico digestion - mature
species	3885	Phaseolus vulgaris 	SVLPEWVSVGFSATTGINK	0H	1992.04366847399	m428	DLEC2		19		217	235	Genetics	Yes	in silico digestion - mature
species	3885	Phaseolus vulgaris 	SVPWDVHDYDGQNAEVR	0H	1986.89404411818	m606	LLP		17		143	159	Genetics	Yes	in silico digestion - mature
species	3885	Phaseolus vulgaris 	SVPWDVHDYDGQNAEVRITYNSSTK	0H	2881.3387408283597	m601	LLP		25		143	167	Genetics	Yes	in silico digestion - mature
species	3885	Phaseolus vulgaris 	SWVFTDQALPADLIK	0H	1703.90029871559	m91	LOXA		15		596	610	Genetics	Yes	in silico digestion - mature
species	3885	Phaseolus vulgaris 	SWVFTDQALPADLIKR	0H	1860.00140973919	m89	LOXA		16		596	611	Genetics	Yes	in silico digestion - mature
species	3885	Phaseolus vulgaris 	TDGEQVLKFPPPHVIR	0H	1833.00174409236	m45	LOXA		16		342	357	Genetics	Yes	in silico digestion - mature
species	3885	Phaseolus vulgaris 	THRQANSAVGLDFVLVPVQPESK	0H	2492.32559739387	m530	LLP		23		95	117	Genetics	Yes	in silico digestion - mature
species	3885	Phaseolus vulgaris 	TIDNLASFSTNFTFR	0H	1733.84932577189	m203	ARC1		15		79	93	Genetics	Yes	in silico digestion - mature
species	3885	Phaseolus vulgaris 	TIDNLASFSTNFTFRINAK	0H	2160.10839398887	m201	ARC1		19		79	97	Genetics	Yes	in silico digestion - mature
species	3885	Phaseolus vulgaris 	TILFLKDDNTLKPLAIELSLPNPGGK	0H	2807.5917080538998	m67	LOXA		26		458	483	Genetics	Yes	in silico digestion - mature
species	3885	Phaseolus vulgaris 	TITGKVEAIVDLSVIEILSR	0H	2156.25366124023	m113	LOXA		20		760	779	Genetics	Yes	in silico digestion - mature
species	3885	Phaseolus vulgaris 	TNLILQGDATVSSEGHLLLTNVK	0H	2423.3140296506594	m193	ARC2		23		35	57	Genetics	Yes	in silico digestion - mature
species	3885	Phaseolus vulgaris 	TNLILQGDATVSSEGHLLLTNVKGNEEDSMGR	0H	3398.68563807357	m191	ARC2		32		35	66	Genetics	Yes	in silico digestion - mature
species	3885	Phaseolus vulgaris 	TNLILQGDATVSSNGNLQLSYNSYDSMSR	0H	3148.4851473618705	m512	LLP		29		37	65	Genetics	Yes	in silico digestion - mature
species	3885	Phaseolus vulgaris 	TSFIVSDTVDLK	0H	1324.69947365072	m182	DLEC2		12		205	216	Genetics	Yes	in silico digestion - mature
species	3885	Phaseolus vulgaris 	TSFIVSDTVDLK	0H	1324.69947365072	m182	DLEC1		12		208	219	Genetics	Yes	in silico digestion - mature
species	3885	Phaseolus vulgaris 	TSFIVSDTVDLKSVLPEWVIVGFTATTGITK	0H	3324.7977376385097	m180	DLEC1		31		208	238	Genetics	Yes	in silico digestion - mature
species	3885	Phaseolus vulgaris 	TSFIVSDTVDLKSVLPEWVSVGFSATTGINK	0H	3297.72530097424	m424	DLEC2		31		205	235	Genetics	Yes	in silico digestion - mature
species	3885	Phaseolus vulgaris 	TTLGGSSDFPYPR	0H	1397.6695705047698	m10	LOXA		13		230	242	Genetics	Yes	in silico digestion - mature
species	3885	Phaseolus vulgaris 	TTLGGSSDFPYPRR	0H	1553.77068152837	m4	LOXA		14		230	243	Genetics	Yes	in silico digestion - mature
species	3885	Phaseolus vulgaris 	TTTWDFVKGENAEVLITYDSSTK	0H	2605.26680467472	m174	DLEC1		23		173	195	Genetics	Yes	in silico digestion - mature
species	3885	Phaseolus vulgaris 	TYLPNETPASLVK	0H	1432.7682219168798	m670	LOXA		13		174	186	Genetics	Yes	in silico digestion - mature
species	3885	Phaseolus vulgaris 	TYLPNETPASLVKYR	0H	1751.9326614730298	m665	LOXA		15		174	188	Genetics	Yes	in silico digestion - mature
species	3885	Phaseolus vulgaris 	VCLLLVFLAGVTTAR	0H	1575.92909674607	m275	BBI		15		6	20	Genetics	Yes	in silico digestion - mature
species	3885	Phaseolus vulgaris 	VEAIVDLSVIEILSR	0H	1655.95781359171	m115	LOXA		15		765	779	Genetics	Yes	in silico digestion - mature
species	3885	Phaseolus vulgaris 	VEAIVDLSVIEILSRHASDEVYLGQR	0H	2911.55236242306	m103	LOXA		26		765	790	Genetics	Yes	in silico digestion - mature
species	3885	Phaseolus vulgaris 	VFSVSLSNPSTGK	0H	1322.69505697662	m617	LLP		13		168	180	Genetics	Yes	in silico digestion - mature
species	3885	Phaseolus vulgaris 	VFSVSLSNPSTGKSNNVSTTVELEK	0H	2624.34136659731	m614	LLP		25		168	192	Genetics	Yes	in silico digestion - mature
species	3885	Phaseolus vulgaris 	VILPADGGAESTIWLLAK	0H	1854.0371265415702	m70	LOXA		18		489	506	Genetics	Yes	in silico digestion - mature
species	3885	Phaseolus vulgaris 	VRGNGDPTVDSMGR	1H	1476.68596630868	m526	ARC4		14		56	69	Genetics	Yes	in silico digestion - mature
species	3885	Phaseolus vulgaris 	VSLLYPSSEEKCHVSATVPLEK	0H	2416.24283885635	m227	ARC1		22		190	211	Genetics	Yes	in silico digestion - mature
species	3885	Phaseolus vulgaris 	VTKSAWMTDEEFGR	0H	1656.76863292304	m41	LOXA		14		358	371	Genetics	Yes	in silico digestion - mature
species	3885	Phaseolus vulgaris 	WDFVNGENAEVLITYDSSTNLLVASLVYPSQK	0H	3572.7795213750696	m422	DLEC2		32		173	204	Genetics	Yes	in silico digestion - mature
species	3885	Phaseolus vulgaris 	YDSNAHTVAVEFDTLYNVHWDPKPR	0H	2974.4118461989697	m168	DLEC1		25		135	159	Genetics	Yes	in silico digestion - mature
species	3885	Phaseolus vulgaris 	YLGLFNTANYDR	0H	1446.70120498622	m215	ARC2		12		123	134	Genetics	Yes	in silico digestion - mature
species	3885	Phaseolus vulgaris 	YLGLFNTANYDRDAHTVAVVFDTVSNR	0H	3058.5017238325295	m211	ARC2		27		123	149	Genetics	Yes	in silico digestion - mature
species	3885	Phaseolus vulgaris 	YLGLFNTTNYDR	0H	1476.71176966992	m258	ARC1		12		123	134	Genetics	Yes	in silico digestion - mature
species	3885	Phaseolus vulgaris 	YLGLFNTTNYDRDAHTVAVVFDTVSNR	0H	3088.5122885162295	m254	ARC1		27		123	149	Genetics	Yes	in silico digestion - mature
species	3755	Prunus dulcis 	AMASTPADVKEYPNSYVFVVDMPGLK	0H	2829.3837660865993	m5	HSP17.5		26		43	68	Genetics	Yes	in silico digestion - mature
species	3755	Prunus dulcis 	DAKAMASTPADVK	0H	1304.65147791248	m680	HSP17.5		13		40	52	Genetics	Yes	in silico digestion - mature
species	3755	Prunus dulcis 	EYPNSYVFVVDMPGLK	0H	1857.90914914713	m8	HSP17.5		16		53	68	Genetics	Yes	in silico digestion - mature
species	3755	Prunus dulcis 	EYPNSYVFVVDMPGLKSGDIK	0H	2358.1686112869297	m2	HSP17.5		21		53	73	Genetics	Yes	in silico digestion - mature
species	3755	Prunus dulcis 	FVLPENANVEAISAVCQDGVLTVTVEK	0H	2845.46518721144	m25	HSP17.5		27		113	139	Genetics	Yes	in silico digestion - mature
species	3755	Prunus dulcis 	IAGLDSPLFSTLQHIMDFTDEPDK	0H	2690.30181028445	m674	HSP17.5		24		5	28	Genetics	Yes	in silico digestion - mature
species	3755	Prunus dulcis 	IAGLDSPLFSTLQHIMDFTDEPDKSFNAPTR	0H	3463.68384716842	m677	HSP17.5		31		5	35	Genetics	Yes	in silico digestion - mature
species	3755	Prunus dulcis 	KFVLPENANVEAISAVCQDGVLTVTVEK	0H	2973.56015022544	m22	HSP17.5		28		112	139	Genetics	Yes	in silico digestion - mature
species	3755	Prunus dulcis 	MDVRIAGLDSPLFSTLQHIMDFTDEPDK	0H	3191.5387631578596	m671	HSP17.5		28		1	28	Genetics	Yes	in silico digestion - mature
species	3755	Prunus dulcis 	SGDIKVQVEDDNVLLITGER	0H	2200.1455673432297	m14	HSP17.5		20		69	88	Genetics	Yes	in silico digestion - mature
species	3755	Prunus dulcis 	VQVEDDNVLLITGER	0H	1699.88610520343	m11	HSP17.5		15		74	88	Genetics	Yes	in silico digestion - mature
species	3755	Prunus dulcis 	VQVEDDNVLLITGERK	0H	1827.98106821743	m17	HSP17.5		16		74	89	Genetics	Yes	in silico digestion - mature
species	10116	Rattus norvegicus 	AKTDHGAEIVYK	0H	1331.69539132979	m666	MAPT		12		695	706	Genetics	Yes	in silico digestion - mature
species	10116	Rattus norvegicus 	ASAPKEQDLEGATVVGAPAEEQK	1H	2341.15177530292	m576	MAPT		23		306	328	Genetics	Yes	in silico digestion - mature
species	10116	Rattus norvegicus 	CGSLGNIHHKPGGGQVEVK	0H	1916.9759403506798	m644	MAPT		19		633	651	Genetics	Yes	in silico digestion - mature
species	10116	Rattus norvegicus 	CGSLGNIHHKPGGGQVEVKSEK	0H	2261.1455248569196	m648	MAPT		22		633	654	Genetics	Yes	in silico digestion - mature
species	10116	Rattus norvegicus 	DNIKHVPGGGSVHIVYKPVDLSK	0H	2459.3405191820198	m629	MAPT		23		606	628	Genetics	Yes	in silico digestion - mature
species	10116	Rattus norvegicus 	EASLLEPTDKQPAAGLPGRPVSR	2H	2421.2732282287197	m586	MAPT		23		340	362	Genetics	Yes	in silico digestion - mature
species	10116	Rattus norvegicus 	EATHQPLGTRPEDVER	0H	1834.90421487906	m558	MAPT		16		164	179	Genetics	Yes	in silico digestion - mature
species	10116	Rattus norvegicus 	EATHQPLGTRPEDVERSHPASELLWQESPQK	0H	3552.7465985373497	m562	MAPT		31		164	194	Genetics	Yes	in silico digestion - mature
species	10116	Rattus norvegicus 	EATHQPLGTRPEDVERSHPASELLWQESPQK	1H	3568.74151353735	m562	MAPT		31		164	194	Genetics	Yes	in silico digestion - mature
species	10116	Rattus norvegicus 	EGQAPDSGISDWTHQQVPSMSGAPLPPQGLR	1H	3259.54366567794	m560	MAPT		31		133	163	Genetics	Yes	in silico digestion - mature
species	10116	Rattus norvegicus 	EGQAPDSGISDWTHQQVPSMSGAPLPPQGLR	2H	3275.5385806779404	m560	MAPT		31		133	163	Genetics	Yes	in silico digestion - mature
species	10116	Rattus norvegicus 	EQDLEGATVVGAPAEEQK	1H	1886.89779246638	m573	MAPT		18		311	328	Genetics	Yes	in silico digestion - mature
species	10116	Rattus norvegicus 	EQDLEGATVVGAPAEEQKAR	1H	2114.03601727469	m579	MAPT		20		311	330	Genetics	Yes	in silico digestion - mature
species	10116	Rattus norvegicus 	ESPPQPPADDGSEEPGSETSDAK	0H	2326.97934943342	m542	MAPT		23		34	56	Genetics	Yes	in silico digestion - mature
species	10116	Rattus norvegicus 	ESPPQPPADDGSEEPGSETSDAK	1H	2342.97426443342	m542	MAPT		23		34	56	Genetics	Yes	in silico digestion - mature
species	10116	Rattus norvegicus 	GAATPGQKGTSNATR	0H	1416.71898030868	m594	MAPT		15		467	481	Genetics	Yes	in silico digestion - mature
species	10116	Rattus norvegicus 	GTKEASLLEPTDK	0H	1388.72675102772	m584	MAPT		13		337	349	Genetics	Yes	in silico digestion - mature
species	10116	Rattus norvegicus 	HLSNVSSTGSIDMVDSPQLATLADEVSASLAK	0H	3243.6049281413802	m660	MAPT		32		718	749	Genetics	Yes	in silico digestion - mature
species	10116	Rattus norvegicus 	HQPGGGKVQIINK	0H	1375.7804583664301	m632	MAPT		13		579	591	Genetics	Yes	in silico digestion - mature
species	10116	Rattus norvegicus 	HVPGGGSVHIVYKPVDLSK	0H	1989.0916217259198	m641	MAPT		19		610	628	Genetics	Yes	in silico digestion - mature
species	10116	Rattus norvegicus 	HVPGGGSVHIVYKPVDLSKVTSK	0H	2404.33470552559	m638	MAPT		23		610	632	Genetics	Yes	in silico digestion - mature
species	10116	Rattus norvegicus 	IATPRGAATPGQK	0H	1267.71171010027	m591	MAPT		13		462	474	Genetics	Yes	in silico digestion - mature
species	10116	Rattus norvegicus 	IGSLDNITHVPGGGNK	0H	1578.82344537722	m657	MAPT		16		665	680	Genetics	Yes	in silico digestion - mature
species	10116	Rattus norvegicus 	IGSLDNITHVPGGGNKK	0H	1706.9184083912198	m651	MAPT		17		665	681	Genetics	Yes	in silico digestion - mature
species	10116	Rattus norvegicus 	IGSTENLKHQPGGGK	0H	1522.79723062938	m626	MAPT		15		571	585	Genetics	Yes	in silico digestion - mature
species	10116	Rattus norvegicus 	LDLSNVQSKCGSK	0H	1378.69949073406	m635	MAPT		13		593	605	Genetics	Yes	in silico digestion - mature
species	10116	Rattus norvegicus 	LQTAPVPMPDLK	0H	1309.71843527349	m624	MAPT		12		554	565	Genetics	Yes	in silico digestion - mature
species	10116	Rattus norvegicus 	LQTAPVPMPDLKNVR	0H	1678.9308876512198	m613	MAPT		15		554	568	Genetics	Yes	in silico digestion - mature
species	10116	Rattus norvegicus 	MAEPRQEFDTMEDQAGDYTMLQDQEGDMDHGLK	0H	3831.58771713106	m537	MAPT		33		1	33	Genetics	Yes	in silico digestion - mature
species	10116	Rattus norvegicus 	QEFDTMEDQAGDYTMLQDQEGDMDHGLK	0H	3247.3136504729396	m540	MAPT		28		6	33	Genetics	Yes	in silico digestion - mature
species	10116	Rattus norvegicus 	QPAAGLPGRPVSR	2H	1337.7284235544498	m588	MAPT		13		350	362	Genetics	Yes	in silico digestion - mature
species	10116	Rattus norvegicus 	QPAAGLPGRPVSRVPQLK	2H	1903.0872058127	m581	MAPT		18		350	367	Genetics	Yes	in silico digestion - mature
species	10116	Rattus norvegicus 	REGQAPDSGISDWTHQQVPSMSGAPLPPQGLR	1H	3415.6447767015397	m550	MAPT		32		132	163	Genetics	Yes	in silico digestion - mature
species	10116	Rattus norvegicus 	REGQAPDSGISDWTHQQVPSMSGAPLPPQGLR	2H	3431.63969170154	m550	MAPT		32		132	163	Genetics	Yes	in silico digestion - mature
species	10116	Rattus norvegicus 	SGERSGYSSPGSPGTPGSR	2H	1854.82127386162	m608	MAPT		19		502	520	Genetics	Yes	in silico digestion - mature
species	10116	Rattus norvegicus 	SGYSSPGSPGTPGSR	2H	1425.62407762521	m600	MAPT		15		506	520	Genetics	Yes	in silico digestion - mature
species	10116	Rattus norvegicus 	SGYSSPGSPGTPGSRSR	2H	1668.75721705308	m610	MAPT		17		506	522	Genetics	Yes	in silico digestion - mature
species	10116	Rattus norvegicus 	SHPASELLWQESPQK	0H	1736.86022480876	m567	MAPT		15		180	194	Genetics	Yes	in silico digestion - mature
species	10116	Rattus norvegicus 	SHPASELLWQESPQKEAWGK	0H	2308.1356713658697	m565	MAPT		20		180	199	Genetics	Yes	in silico digestion - mature
species	10116	Rattus norvegicus 	SRLQTAPVPMPDLK	0H	1552.8515747013598	m621	MAPT		14		552	565	Genetics	Yes	in silico digestion - mature
species	10116	Rattus norvegicus 	SRTPSLPTPPTR	0H	1309.72227478397	m616	MAPT		12		521	532	Genetics	Yes	in silico digestion - mature
species	10116	Rattus norvegicus 	SRTPSLPTPPTR	1H	1325.71718978397	m616	MAPT		12		521	532	Genetics	Yes	in silico digestion - mature
species	10116	Rattus norvegicus 	STPTAEDVTAPLVEER	0H	1714.84938534154	m544	MAPT		16		57	72	Genetics	Yes	in silico digestion - mature
species	10116	Rattus norvegicus 	STPTAEDVTAPLVEERAPDK	0H	2126.06116901293	m547	MAPT		20		57	76	Genetics	Yes	in silico digestion - mature
species	10116	Rattus norvegicus 	SVSASGVSGETTSIPGFPAEGSIPLPADFFSK	1H	3155.5419172591	m570	MAPT		32		239	270	Genetics	Yes	in silico digestion - mature
species	10116	Rattus norvegicus 	TDHGAEIVYKSPVVSGDTSPR	0H	2215.09895150398	m663	MAPT		21		697	717	Genetics	Yes	in silico digestion - mature
species	10116	Rattus norvegicus 	TPPGSGEPPKSGER	1H	1411.68119819807	m605	MAPT		14		492	505	Genetics	Yes	in silico digestion - mature
species	10116	Rattus norvegicus 	TPSLPTPPTREPK	0H	1420.77945530692	m619	MAPT		13		523	535	Genetics	Yes	in silico digestion - mature
species	10116	Rattus norvegicus 	TPSLPTPPTREPK	1H	1436.77437030692	m619	MAPT		13		523	535	Genetics	Yes	in silico digestion - mature
species	10116	Rattus norvegicus 	TTPSPKTPPGSGEPPK	1H	1593.81187801445	m603	MAPT		16		486	501	Genetics	Yes	in silico digestion - mature
species	10116	Rattus norvegicus 	TTPSPKTPPGSGEPPK	2H	1609.80679301445	m603	MAPT		16		486	501	Genetics	Yes	in silico digestion - mature
species	10116	Rattus norvegicus 	VEIFSQSLLVEPGR	0H	1573.8584339036101	m556	MAPT		14		118	131	Genetics	Yes	in silico digestion - mature
species	10116	Rattus norvegicus 	VEIFSQSLLVEPGRR	0H	1729.9595449272101	m553	MAPT		15		118	132	Genetics	Yes	in silico digestion - mature
species	10116	Rattus norvegicus 	VQSKIGSLDNITHVPGGGNK	0H	2021.0774282137597	m654	MAPT		20		661	680	Genetics	Yes	in silico digestion - mature
species	10116	Rattus norvegicus 	VTSKCGSLGNIHHKPGGGQVEVK	0H	2332.21902415035	m646	MAPT		23		629	651	Genetics	Yes	in silico digestion - mature
species	10116	Rattus norvegicus 	YVSSVTPRNGSPGTK	1H	1565.79181127621	m597	MAPT		15		433	447	Genetics	Yes	in silico digestion - mature
species	74649	Rosa chinensis 	DNDAAASFLIAMVVMNTWQYFMHR	0H	2831.3102243068597	m307	RCHIOBHM_CHR7G0211541		24		80	103	Genetics	Yes	in silico digestion - mature
species	74649	Rosa chinensis 	DNDAAASFLIAMVVMNTWQYFMHRYMHENK	0H	3633.65343315396	m313	RCHIOBHM_CHR7G0211541		30		80	109	Genetics	Yes	in silico digestion - mature
species	74649	Rosa chinensis 	FCHQVIASVVLTQFAALAFIFLVVLAILR	0H	3202.8577166579703	m554	RCHIOBHM_CHR4G0421251		29		166	194	Genetics	Yes	in silico digestion - mature
species	74649	Rosa chinensis 	FCHQVIASVVLTQFAALAFIFLVVLAILRLNR	0H	3586.08581909984	m551	RCHIOBHM_CHR4G0421251		32		166	197	Genetics	Yes	in silico digestion - mature
species	74649	Rosa chinensis 	FLYKHVHSQHHR	0H	1588.8243888670802	m317	RCHIOBHM_CHR7G0211541		12		110	121	Genetics	Yes	in silico digestion - mature
species	74649	Rosa chinensis 	GTVIKGVVLQQALQACTATLLYILTNR	0H	2887.6437607100997	m311	RCHIOBHM_CHR7G0211541		27		53	79	Genetics	Yes	in silico digestion - mature
species	74649	Rosa chinensis 	GVVLQQALQACTATLLYILTNR	0H	2389.327177617	m309	RCHIOBHM_CHR7G0211541		22		58	79	Genetics	Yes	in silico digestion - mature
species	74649	Rosa chinensis 	ILGTYHMPMIPPSYEDAIWTVTK	0H	2663.3247946584997	m315	RCHIOBHM_CHR7G0211541		23		221	243	Genetics	Yes	in silico digestion - mature
species	74649	Rosa chinensis 	MESQYIGGKSNTDGGGMPEK	1H	2101.9164963889702	m533	RCHIOBHM_CHR4G0421251		20		1	20	Genetics	Yes	in silico digestion - mature
species	74649	Rosa chinensis 	MGIASDEILGMFIPIILYWLYAAVIISIEK	0H	3382.84449423225	m305	RCHIOBHM_CHR7G0211541		30		1	30	Genetics	Yes	in silico digestion - mature
species	74649	Rosa chinensis 	SNTDGGGMPEKEVR	1H	1492.6696475381998	m574	RCHIOBHM_CHR4G0421251		14		10	23	Genetics	Yes	in silico digestion - mature
species	74649	Rosa chinensis 	TSIFFFSFATIK	0H	1408.7511153007601	m319	RCHIOBHM_CHR7G0211541		12		159	170	Genetics	Yes	in silico digestion - mature
species	74649	Rosa chinensis 	VGSCESLVRVLAVLLTLVAAIVQGLNK	0H	2765.63213339724	m541	RCHIOBHM_CHR4G0421251		27		30	56	Genetics	Yes	in silico digestion - mature
species	74649	Rosa chinensis 	VLAVLLTLVAAIVQGLNK	0H	1835.1728321687401	m538	RCHIOBHM_CHR4G0421251		18		39	56	Genetics	Yes	in silico digestion - mature
species	74649	Rosa chinensis 	VLAVLLTLVAAIVQGLNKQTK	0H	2192.3740511564297	m535	RCHIOBHM_CHR4G0421251		21		39	59	Genetics	Yes	in silico digestion - mature
species	74649	Rosa chinensis 	VVPIKVVPTLPAIYIPLTAK	0H	2132.34571115027	m545	RCHIOBHM_CHR4G0421251		20		60	79	Genetics	Yes	in silico digestion - mature
species	74649	Rosa chinensis 	VVPIKVVPTLPAIYIPLTAK	1H	2148.34062615027	m545	RCHIOBHM_CHR4G0421251		20		60	79	Genetics	Yes	in silico digestion - mature
species	74649	Rosa chinensis 	VVPTLPAIYIPLTAK	0H	1595.9770924843099	m548	RCHIOBHM_CHR4G0421251		15		65	79	Genetics	Yes	in silico digestion - mature
species	74649	Rosa chinensis 	WHDLSAFAYLLVANVIACVYAAFSLVLSFANR	0H	3544.8449796977898	m543	RCHIOBHM_CHR4G0421251		32		80	111	Genetics	Yes	in silico digestion - mature
species	74649	Rosa chinensis 	YNYSRPFFVFWDK	0H	1768.8482035730801	m321	RCHIOBHM_CHR7G0211541		13		208	220	Genetics	Yes	in silico digestion - mature
species	4113	Solanum tuberosum 	ACPLNCDTNIAYSR	0H	1540.6882744273603	m511	PIN2-CM7		14		90	103	Genetics	Yes	in silico digestion - mature
species	4113	Solanum tuberosum 	ACPLNCDTNIAYSRCPHSEGK	0H	2279.0001831461796	m515	PIN2-CM7		21		90	110	Genetics	Yes	in silico digestion - mature
species	4113	Solanum tuberosum 	CPHSEGKSLIYPTGCTTCCTGYK	0H	2449.06548582468	m519	PIN2-CM7		23		104	126	Genetics	Yes	in silico digestion - mature
species	4113	Solanum tuberosum 	ECGNLGFGICPR	0H	1265.57653915041	m496	PIN2-CM7		12		37	48	Genetics	Yes	in silico digestion - mature
species	4113	Solanum tuberosum 	ECGNLGFGICPRSEGSPK	1H	1866.8472946303402	m500	PIN2-CM7		18		37	54	Genetics	Yes	in silico digestion - mature
species	4113	Solanum tuberosum 	EVNFVAYLLIVLGIFLLVSVVEHVDAK	0H	2999.72199394746	m492	PIN2-CM7		27		6	32	Genetics	Yes	in silico digestion - mature
species	4113	Solanum tuberosum 	EVNFVAYLLIVLGIFLLVSVVEHVDAKICTK	0H	3444.9578841917096	m494	PIN2-CM7		31		6	36	Genetics	Yes	in silico digestion - mature
species	4113	Solanum tuberosum 	FICEGESDLKNPK	0H	1479.7148064450298	m510	PIN2-CM7		13		77	89	Genetics	Yes	in silico digestion - mature
species	4113	Solanum tuberosum 	FVCEGESDEPKANMYPAM	0H	2017.83401225453	m524	PIN2-CM7		18		137	154	Genetics	Yes	in silico digestion - mature
species	4113	Solanum tuberosum 	GCNYYSVFGRFICEGESDLK	0H	2287.0158161269796	m508	PIN2-CM7		20		67	86	Genetics	Yes	in silico digestion - mature
species	4113	Solanum tuberosum 	ICTKECGNLGFGICPR	0H	1710.8124293946598	m498	PIN2-CM7		16		33	48	Genetics	Yes	in silico digestion - mature
species	4113	Solanum tuberosum 	MDVHKEVNFVAYLLIVLGIFLLVSVVEHVDAK	0H	3610.01171066972	m490	PIN2-CM7		32		1	32	Genetics	Yes	in silico digestion - mature
species	4113	Solanum tuberosum 	NGKFVCEGESDEPK	0H	1538.6791492123	m527	PIN2-CM7		14		134	147	Genetics	Yes	in silico digestion - mature
species	4113	Solanum tuberosum 	NPICINCCSGYK	0H	1314.5639258613799	m502	PIN2-CM7		12		55	66	Genetics	Yes	in silico digestion - mature
species	4113	Solanum tuberosum 	NPICINCCSGYKGCNYYSVFGR	0H	2461.05558984732	m506	PIN2-CM7		22		55	76	Genetics	Yes	in silico digestion - mature
species	4113	Solanum tuberosum 	NPKACPLNCDTNIAYSR	0H	1879.87892873135	m514	PIN2-CM7		17		87	103	Genetics	Yes	in silico digestion - mature
species	4113	Solanum tuberosum 	SEGSPKNPICINCCSGYK	1H	1915.83468134131	m504	PIN2-CM7		18		49	66	Genetics	Yes	in silico digestion - mature
species	4113	Solanum tuberosum 	SLIYPTGCTTCCTGYK	0H	1710.75357710586	m517	PIN2-CM7		16		111	126	Genetics	Yes	in silico digestion - mature
species	4113	Solanum tuberosum 	SLIYPTGCTTCCTGYKGCYYFGK	0H	2529.0957233237996	m521	PIN2-CM7		23		111	133	Genetics	Yes	in silico digestion - mature
species	9823	Sus scrofa 	APAYGFRGPGLQLR	0H	1502.82265753158	m392	CHGA		14		367	380	Genetics	Yes	in silico digestion - mature
species	9823	Sus scrofa 	AVPEEEGPRSEAFDSHPSLGYK	0H	2402.12589452781	m362	CHGA		22		230	251	Genetics	Yes	in silico digestion - mature
species	9823	Sus scrofa 	CIVEVISDTLSKPSPMPVSQECFETLR	0H	3008.4777431244297	m330	CHGA		27		33	59	Genetics	Yes	in silico digestion - mature
species	9823	Sus scrofa 	CIVEVISDTLSKPSPMPVSQECFETLRGDER	0H	3465.6698539803997	m332	CHGA		31		33	63	Genetics	Yes	in silico digestion - mature
species	9823	Sus scrofa 	EDSVEAGLPLQVR	1H	1428.73289941776	m390	CHGA		13		389	401	Genetics	Yes	in silico digestion - mature
species	9823	Sus scrofa 	EEEEEAEAGEKAVPEEEGPR	0H	2213.96805647373	m360	CHGA		20		219	238	Genetics	Yes	in silico digestion - mature
species	9823	Sus scrofa 	EEEGSANRRPEDQELESLSAIEAELEK	0H	3058.44472201853	m398	CHGA		27		409	435	Genetics	Yes	in silico digestion - mature
species	9823	Sus scrofa 	EGTEEASSKEAAEK	0H	1465.66527296997	m346	CHGA		14		117	130	Genetics	Yes	in silico digestion - mature
species	9823	Sus scrofa 	EHSRQEEEEETAGAPQGLFR	1H	2316.0487072167098	m378	CHGA		20		284	303	Genetics	Yes	in silico digestion - mature
species	9823	Sus scrofa 	EKGPSAEQGPQAER	0H	1483.71356057507	m356	CHGA		14		205	218	Genetics	Yes	in silico digestion - mature
species	9823	Sus scrofa 	ELQDLALQGAKER	0H	1470.7910826197801	m338	CHGA		13		76	88	Genetics	Yes	in silico digestion - mature
species	9823	Sus scrofa 	EMQRGWPQAPAMDGAGK	1H	1845.83706429981	m370	CHGA		17		252	268	Genetics	Yes	in silico digestion - mature
species	9823	Sus scrofa 	GEPAQEEEERLSEEWENAK	1H	2275.99494030835	m382	CHGA		19		308	326	Genetics	Yes	in silico digestion - mature
species	9823	Sus scrofa 	GPSAEQGPQAER	0H	1226.5760044731	m354	CHGA		12		207	218	Genetics	Yes	in silico digestion - mature
species	9823	Sus scrofa 	GPSAEQGPQAEREEEEEAEAGEK	0H	2457.06481039288	m358	CHGA		23		207	229	Genetics	Yes	in silico digestion - mature
species	9823	Sus scrofa 	GWPQAPAMDGAGK	1H	1301.59429776997	m368	CHGA		13		256	268	Genetics	Yes	in silico digestion - mature
species	9823	Sus scrofa 	GWPQAPAMDGAGKTGAEEAQPPEGK	1H	2496.14597872983	m372	CHGA		25		256	280	Genetics	Yes	in silico digestion - mature
species	9823	Sus scrofa 	GWRPSSREDSVEAGLPLQVR	1H	2255.15271879278	m396	CHGA		20		382	401	Genetics	Yes	in silico digestion - mature
species	9823	Sus scrofa 	HQNLLKELQDLALQGAK	0H	1919.07088628134	m336	CHGA		17		70	86	Genetics	Yes	in silico digestion - mature
species	9823	Sus scrofa 	ILSILRHQNLLK	0H	1447.91074425999	m334	CHGA		12		64	75	Genetics	Yes	in silico digestion - mature
species	9823	Sus scrofa 	KQSSYEDELSEVLEK	0H	1783.85961567207	m328	CHGA		15		94	108	Genetics	Yes	in silico digestion - mature
species	9823	Sus scrofa 	KRPGAQAEEDHEGPSQGPVDR	0H	2260.0701109871898	m350	CHGA		21		184	204	Genetics	Yes	in silico digestion - mature
species	9823	Sus scrofa 	LQGEEEEEEEEEDPDR	0H	1961.77304506529	m388	CHGA		16		344	359	Genetics	Yes	in silico digestion - mature
species	9823	Sus scrofa 	LQGEEEEEEEEEDPDRSMK	0H	2307.9405213965497	m384	CHGA		19		344	362	Genetics	Yes	in silico digestion - mature
species	9823	Sus scrofa 	QEEEEETAGAPQGLFR	1H	1806.81406284242	m380	CHGA		16		288	303	Genetics	Yes	in silico digestion - mature
species	9823	Sus scrofa 	QEEEEETAGAPQGLFRGGK	1H	2048.95195329756	m376	CHGA		19		288	306	Genetics	Yes	in silico digestion - mature
species	9823	Sus scrofa 	QNDQAELKEGTEEASSK	0H	1863.8566555499501	m344	CHGA		17		109	125	Genetics	Yes	in silico digestion - mature
species	9823	Sus scrofa 	QSSYEDELSEVLEK	0H	1655.76465265807	m340	CHGA		14		95	108	Genetics	Yes	in silico digestion - mature
species	9823	Sus scrofa 	QSSYEDELSEVLEKQNDQAELK	0H	2582.21041199741	m342	CHGA		22		95	116	Genetics	Yes	in silico digestion - mature
species	9823	Sus scrofa 	RLQGEEEEEEEEEDPDR	0H	2117.87415608889	m386	CHGA		17		343	359	Genetics	Yes	in silico digestion - mature
species	9823	Sus scrofa 	RPEDQELESLSAIEAELEK	0H	2186.0822983803296	m394	CHGA		19		417	435	Genetics	Yes	in silico digestion - mature
species	9823	Sus scrofa 	RPEDQELESLSAIEAELEKVAPQLQSLR	0H	3178.6590123195697	m400	CHGA		28		417	444	Genetics	Yes	in silico digestion - mature
species	9823	Sus scrofa 	RPGAQAEEDHEGPSQGPVDR	0H	2131.97514797319	m352	CHGA		20		185	204	Genetics	Yes	in silico digestion - mature
species	9823	Sus scrofa 	RPGAQAEEDHEGPSQGPVDREK	0H	2389.11270407516	m348	CHGA		22		185	206	Genetics	Yes	in silico digestion - mature
species	9823	Sus scrofa 	SAAALALLLCAGQVIALPVNSPMNK	0H	2465.3618488735597	m324	CHGA		25		1	25	Genetics	Yes	in silico digestion - mature
species	9823	Sus scrofa 	SAAALALLLCAGQVIALPVNSPMNKGDTEVMK	0H	3225.7043890143195	m326	CHGA		32		1	32	Genetics	Yes	in silico digestion - mature
species	9823	Sus scrofa 	SEAFDSHPSLGYK	0H	1437.66448512433	m366	CHGA		13		239	251	Genetics	Yes	in silico digestion - mature
species	9823	Sus scrofa 	SEAFDSHPSLGYKEMQR	0H	1981.9072516541698	m364	CHGA		17		239	255	Genetics	Yes	in silico digestion - mature
species	9823	Sus scrofa 	TGAEEAQPPEGK	0H	1213.56952211033	m375	CHGA		12		269	280	Genetics	Yes	in silico digestion - mature
species	9823	Sus scrofa 	TGAEEAQPPEGKGAR	0H	1497.72921063921	m373	CHGA		15		269	283	Genetics	Yes	in silico digestion - mature
species	4577	Zea mays 	AEEVDEVLGSRR	0H	1359.68628319807	m147	GLB1		12		489	500	Genetics	Yes	in silico digestion - mature
species	4577	Zea mays 	ALSFASKAEEVDEVLGSR	0H	1907.9708974565501	m145	GLB1		18		482	499	Genetics	Yes	in silico digestion - mature
species	4577	Zea mays 	ARLSPGTAFVVPAGHPFVAVASR	1H	2323.26696069938	m132	GLB1		23		423	445	Genetics	Yes	in silico digestion - mature
species	4577	Zea mays 	CEDRPWHQRPRCLEQCR	0H	2212.0069402924696	m82	GLB1		17		44	60	Genetics	Yes	in silico digestion - mature
species	4577	Zea mays 	DSNLQIVCFEVHADR	0H	1745.8275447814901	m134	GLB1		15		446	460	Genetics	Yes	in silico digestion - mature
species	4577	Zea mays 	DSNLQIVCFEVHADRNEK	0H	2117.0080283245998	m136	GLB1		18		446	463	Genetics	Yes	in silico digestion - mature
species	4577	Zea mays 	DYRVAVLEANPR	0H	1402.7437385045403	m92	GLB1		12		140	151	Genetics	Yes	in silico digestion - mature
species	4577	Zea mays 	EEVAETLLRMVTAR	0H	1617.86286766105	m155	GLB1		14		559	572	Genetics	Yes	in silico digestion - mature
species	4577	Zea mays 	ESGGHEEREQEEEER	0H	1829.75325311057	m149	GLB1		15		510	524	Genetics	Yes	in silico digestion - mature
species	4577	Zea mays 	GFLPGPKESGGHEER	0H	1596.7764951848	m151	GLB1		15		503	517	Genetics	Yes	in silico digestion - mature
species	4577	Zea mays 	GIIVRATEEQTR	0H	1372.7543031882403	m112	GLB1		12		273	284	Genetics	Yes	in silico digestion - mature
species	4577	Zea mays 	GNGTGGESIYGEK	0H	1268.57533576676	m298	CYP		13		77	89	Genetics	Yes	in silico digestion - mature
species	4577	Zea mays 	GNGTGGESIYGEKFPDEK	0H	1884.8610126544002	m296	CYP		18		77	94	Genetics	Yes	in silico digestion - mature
species	4577	Zea mays 	GPYSLLDQRPSIANQHGQLYEADAR	0H	2799.3808804238593	m116	GLB1		25		309	333	Genetics	Yes	in silico digestion - mature
species	4577	Zea mays 	GSTFHRVIPEFMCQGGDFTR	0H	2285.0590183516397	m292	CYP		20		57	76	Genetics	Yes	in silico digestion - mature
species	4577	Zea mays 	GVGKSGKPLHYK	1H	1286.72154688842	m284	CYP		12		45	56	Genetics	Yes	in silico digestion - mature
species	4577	Zea mays 	GYAEIVCPHRQSQGGESER	0H	2102.96722614178	m124	GLB1		19		375	393	Genetics	Yes	in silico digestion - mature
species	4577	Zea mays 	HASEGGHGPHWPLPPFGESR	0H	2152.01074563627	m110	GLB1		20		289	308	Genetics	Yes	in silico digestion - mature
species	4577	Zea mays 	HASEGGHGPHWPLPPFGESR	1H	2168.00566063627	m110	GLB1		20		289	308	Genetics	Yes	in silico digestion - mature
species	4577	Zea mays 	HEADDRSGEGSSEDER	0H	1775.7063029181502	m84	GLB1		16		73	88	Genetics	Yes	in silico digestion - mature
species	4577	Zea mays 	HVVFGQVVEGMDVVK	0H	1642.86213938506	m303	CYP		15		133	147	Genetics	Yes	in silico digestion - mature
species	4577	Zea mays 	HVVFGQVVEGMDVVKAIEK	0H	2084.12087324887	m300	CYP		19		133	151	Genetics	Yes	in silico digestion - mature
species	4577	Zea mays 	IAYVPNGKGYAEIVCPHR	0H	1987.02182791394	m126	GLB1		18		367	384	Genetics	Yes	in silico digestion - mature
species	4577	Zea mays 	ILHTISVPGEFQFFFGPGGR	0H	2206.14438557477	m102	GLB1		20		217	236	Genetics	Yes	in silico digestion - mature
species	4577	Zea mays 	ILHTISVPGEFQFFFGPGGRNPESFLSSFSK	0H	3429.7266383869196	m104	GLB1		31		217	247	Genetics	Yes	in silico digestion - mature
species	4577	Zea mays 	IVMELYANEVPK	0H	1405.73956464089	m282	CYP		12		20	31	Genetics	Yes	in silico digestion - mature
species	4577	Zea mays 	IVMELYANEVPKTAENFR	0H	2124.07940235971	m280	CYP		18		20	37	Genetics	Yes	in silico digestion - mature
species	4577	Zea mays 	IVVLLAVLLCAAAAVASSWEDDNHHHHGGHK	0H	3270.65891026361	m76	GLB1		31		6	36	Genetics	Yes	in silico digestion - mature
species	4577	Zea mays 	LSPGTAFVVPAGHPFVAVASR	1H	2096.12873589107	m130	GLB1		21		425	445	Genetics	Yes	in silico digestion - mature
species	4577	Zea mays 	LVITKILHTISVPGEFQFFFGPGGR	0H	2760.5235689244296	m106	GLB1		25		212	236	Genetics	Yes	in silico digestion - mature
species	4577	Zea mays 	MANPRVFFDMTVGGAPAGR	1H	2009.9684128225301	m274	CYP		19		1	19	Genetics	Yes	in silico digestion - mature
species	4577	Zea mays 	NEKVFLAGADNVLQK	0H	1645.89079666105	m140	GLB1		15		461	475	Genetics	Yes	in silico digestion - mature
species	4577	Zea mays 	NPESFLSSFSKSIQR	0H	1726.8758748729	m108	GLB1		15		237	251	Genetics	Yes	in silico digestion - mature
species	4577	Zea mays 	QGHVFVAPAGAVTYLANTDGR	0H	2144.08832725063	m98	GLB1		21		189	209	Genetics	Yes	in silico digestion - mature
species	4577	Zea mays 	QGHVFVAPAGAVTYLANTDGRK	0H	2272.1832902646297	m96	GLB1		22		189	210	Genetics	Yes	in silico digestion - mature
species	4577	Zea mays 	RCEDRPWHQRPR	0H	1635.80333615267	m78	GLB1		12		43	54	Genetics	Yes	in silico digestion - mature
species	4577	Zea mays 	RHASEGGHGPHWPLPPFGESR	0H	2308.1118566598698	m114	GLB1		21		288	308	Genetics	Yes	in silico digestion - mature
species	4577	Zea mays 	RHASEGGHGPHWPLPPFGESR	1H	2324.10677165987	m114	GLB1		21		288	308	Genetics	Yes	in silico digestion - mature
species	4577	Zea mays 	RSEEEEESSEEQEEVGQGYHTIR	0H	2737.18196540344	m128	GLB1		23		400	422	Genetics	Yes	in silico digestion - mature
species	4577	Zea mays 	SEEEEESSEEQEEVGQGYHTIR	0H	2581.08085437984	m122	GLB1		22		401	422	Genetics	Yes	in silico digestion - mature
species	4577	Zea mays 	SEEEEESSEEQEEVGQGYHTIRAR	0H	2808.21907918815	m127	GLB1		24		401	424	Genetics	Yes	in silico digestion - mature
species	4577	Zea mays 	SEQGSLRVLRPFDEVSR	0H	1975.0355634017799	m90	GLB1		17		117	133	Genetics	Yes	in silico digestion - mature
species	4577	Zea mays 	SFHDLAEHDVSVSFANITAGSMSAPLYNTR	0H	3237.5269526042	m118	GLB1		30		334	363	Genetics	Yes	in silico digestion - mature
species	4577	Zea mays 	SFHDLAEHDVSVSFANITAGSMSAPLYNTRSFK	0H	3599.72235793546	m120	GLB1		33		334	366	Genetics	Yes	in silico digestion - mature
species	4577	Zea mays 	SFVVPSHTDAHCIGYVAEGEGVVTTIENGER	0H	3273.5480819716	m94	GLB1		31		152	182	Genetics	Yes	in silico digestion - mature
species	4577	Zea mays 	SFVVPSHTDAHCIGYVAEGEGVVTTIENGERR	0H	3429.6491929952003	m80	GLB1		32		152	183	Genetics	Yes	in silico digestion - mature
species	4577	Zea mays 	SGEGSSEDERER	0H	1337.55639122733	m86	GLB1		12		79	90	Genetics	Yes	in silico digestion - mature
species	4577	Zea mays 	SGKPLHYKGSTFHR	1H	1630.8448499085798	m288	CYP		14		49	62	Genetics	Yes	in silico digestion - mature
species	4577	Zea mays 	SYTIKQGHVFVAPAGAVTYLANTDGR	0H	2736.41038964699	m100	GLB1		26		184	209	Genetics	Yes	in silico digestion - mature
species	4577	Zea mays 	TAENFRALCTGEK	0H	1439.69473970679	m286	CYP		13		32	44	Genetics	Yes	in silico digestion - mature
species	4577	Zea mays 	VFFDMTVGGAPAGR	1H	1440.69401181124	m277	CYP		14		6	19	Genetics	Yes	in silico digestion - mature
species	4577	Zea mays 	VFFDMTVGGAPAGRIVMELYANEVPK	1H	2827.4157353016594	m278	CYP		26		6	31	Genetics	Yes	in silico digestion - mature
species	4577	Zea mays 	VFLAGADNVLQK	0H	1274.71031311794	m138	GLB1		12		464	475	Genetics	Yes	in silico digestion - mature
species	4577	Zea mays 	VFLAGADNVLQKLDR	0H	1658.9224311425	m142	GLB1		15		464	478	Genetics	Yes	in silico digestion - mature
species	4577	Zea mays 	VIPEFMCQGGDFTR	0H	1599.7294109633501	m290	CYP		14		63	76	Genetics	Yes	in silico digestion - mature
species	4577	Zea mays 	VIPEFMCQGGDFTRGNGTGGESIYGEK	0H	2849.2869055796396	m294	CYP		27		63	89	Genetics	Yes	in silico digestion - mature
species	4577	Zea mays 	VLRPFDEVSRLLR	0H	1599.9329362565502	m88	GLB1		13		124	136	Genetics	Yes	in silico digestion - mature
